work_order,equipment_id,maintenance_type,activity_type,status,start_date,end_date,duration_hours,actual_cost,notification,responsible_person,findings
WO-000000,EQ-PP-FLC-0000,PM01,Regular Service,TECO,2020-11-30 22:03:37.795343,2020-12-01 04:04:32.701046,6.015251584255926,1604.65015139951,NOTIF-000000,TECH-8986,Regular maintenance completed
WO-000001,EQ-PP-FLC-0000,PM03,Emergency Repair,TECO,2020-12-10 22:03:37.795343,2020-12-11 19:49:35.773842,21.151261598057353,6788.091402236345,NOTIF-000001,TECH-4147,Unexpected breakdown - emergency repair required
WO-000002,EQ-PP-FLC-0000,PM03,Emergency Repair,TECO,2021-01-03 22:03:37.795343,2021-01-04 17:07:32.753160,19.065266060235107,1981.4108171139924,NOTIF-000002,TECH-4366,Regular maintenance completed
WO-000003,EQ-PP-FLC-0000,PM02,Repair,TECO,2021-02-06 22:03:37.795343,2021-02-07 17:26:05.531786,19.37437123416735,1814.9399118723957,NOTIF-000003,TECH-6879,Regular maintenance completed
WO-000004,EQ-PP-FLC-0000,PM01,Component Check,TECO,2021-03-12 22:03:37.795343,2021-03-13 01:54:15.526581,3.8438142328881986,1900.3379809299568,NOTIF-000004,TECH-6497,Regular maintenance completed
WO-000005,EQ-PP-FLC-0000,PM03,Emergency Repair,TECO,2021-03-25 22:03:37.795343,2021-03-26 05:34:05.043278,12.0202296193075,5669.485323759853,NOTIF-000005,TECH-8433,Unexpected breakdown - emergency repair required
WO-000006,EQ-PP-FLC-0000,PM01,Lubrication,TECO,2021-04-15 22:03:37.795343,2021-04-16 05:21:19.254358,7.294849726474805,989.3619742599493,NOTIF-000006,TECH-8463,Regular maintenance completed
WO-000007,EQ-PP-FLC-0000,PM02,Component Replacement,TECO,2021-05-19 22:03:37.795343,2021-05-20 08:26:39.693040,10.383860471267713,1916.1588837778318,NOTIF-000007,TECH-8204,Regular maintenance completed
WO-000008,EQ-PP-FLC-0000,PM03,Breakdown Fix,TECO,2021-06-22 22:03:37.795343,2021-06-23 05:16:21.442035,7.212124081217047,4579.515067076465,NOTIF-000008,TECH-8932,Regular maintenance completed
WO-000009,EQ-PP-FLC-0000,PM01,Component Check,TECO,2021-07-26 22:03:37.795343,2021-07-27 01:22:02.015929,3.306727940522446,1472.1931284994325,NOTIF-000009,TECH-5371,Regular maintenance completed
WO-000010,EQ-PP-FLC-0000,PM01,Lubrication,TECO,2021-08-29 22:03:37.795343,2021-08-30 00:30:21.577665,2.4454950893637073,1422.906625684621,NOTIF-000010,TECH-6341,Regular maintenance completed
WO-000011,EQ-PP-FLC-0000,PM01,Regular Service,TECO,2021-10-02 22:03:37.795343,2021-10-03 02:45:15.337985,4.693761844903223,1916.9152568155978,NOTIF-000011,TECH-2048,Regular maintenance completed
WO-000012,EQ-PP-FLC-0000,PM01,Lubrication,TECO,2021-11-05 22:03:37.795343,2021-11-06 00:33:57.807218,2.5055588540755247,1087.0368012046172,NOTIF-000012,TECH-9072,Regular maintenance completed
WO-000013,EQ-PP-FLC-0000,PM03,Breakdown Fix,TECO,2021-12-09 22:03:37.795343,2021-12-10 14:17:22.299009,16.22902879605941,1816.5582343621552,NOTIF-000013,TECH-1765,Regular maintenance completed
WO-000014,EQ-PP-FLC-0000,PM01,Lubrication,TECO,2022-01-12 22:03:37.795343,2022-01-13 01:19:40.833200,3.2675105158942297,862.9847886007983,NOTIF-000014,TECH-9760,Regular maintenance completed
WO-000015,EQ-PP-FLC-0000,PM01,Lubrication,TECO,2022-02-15 22:03:37.795343,2022-02-16 03:08:01.483146,5.073246612082516,815.1650434749188,NOTIF-000015,TECH-8570,Regular maintenance completed
WO-000016,EQ-PP-FLC-0000,PM01,Calibration,TECO,2022-03-21 22:03:37.795343,2022-03-22 03:32:14.498592,5.476862013624816,1434.4997551783124,NOTIF-000016,TECH-2196,Regular maintenance completed
WO-000017,EQ-PP-FLC-0000,PM01,Lubrication,TECO,2022-04-24 22:03:37.795343,2022-04-25 03:56:44.009525,5.885059494911184,1556.84254285527,NOTIF-000017,TECH-2160,Regular maintenance completed
WO-000018,EQ-PP-FLC-0000,PM03,Emergency Repair,TECO,2022-05-28 22:03:37.795343,2022-05-29 10:42:57.739827,12.655540134417645,4587.8984247483095,NOTIF-000018,TECH-9334,Regular maintenance completed
WO-000019,EQ-PP-FLC-0000,PM01,Calibration,TECO,2022-07-01 22:03:37.795343,2022-07-02 04:02:52.489877,5.987415148254401,1824.957295246064,NOTIF-000019,TECH-1727,Regular maintenance completed
WO-000020,EQ-PP-FLC-0000,PM01,Calibration,TECO,2022-08-04 22:03:37.795343,2022-08-05 02:48:31.446659,4.748236476785001,1030.9663415056302,NOTIF-000020,TECH-6576,Regular maintenance completed
WO-000021,EQ-PP-FLC-0000,PM01,Calibration,TECO,2022-09-07 22:03:37.795343,2022-09-08 05:08:57.172132,7.088715774782804,1445.6424538072147,NOTIF-000021,TECH-1427,Regular maintenance completed
WO-000022,EQ-PP-FLC-0000,PM01,Regular Service,TECO,2022-10-11 22:03:37.795343,2022-10-12 02:57:10.715865,4.892477922817551,1204.4562396526435,NOTIF-000022,TECH-1141,Regular maintenance completed
WO-000023,EQ-PP-FLC-0000,PM01,Regular Service,TECO,2022-11-14 22:03:37.795343,2022-11-15 03:48:20.860576,5.745295898008128,1146.993187658413,NOTIF-000023,TECH-8305,Regular maintenance completed
WO-000024,EQ-PP-FLC-0000,PM03,Emergency Repair,TECO,2022-11-28 22:03:37.795343,2022-11-29 06:44:28.126993,7.789313425180703,2315.6198725447675,NOTIF-000024,TECH-8955,Unexpected breakdown - emergency repair required
WO-000025,EQ-PP-FLC-0000,PM01,Regular Service,TECO,2022-12-18 22:03:37.795343,2022-12-19 02:58:51.532201,4.920482460430582,1358.3052942548702,NOTIF-000025,TECH-4898,Regular maintenance completed
WO-000026,EQ-PP-FLC-0000,PM01,Regular Service,TECO,2023-01-21 22:03:37.795343,2023-01-22 05:53:51.963743,7.837268999878468,1479.938687553167,NOTIF-000026,TECH-6506,Regular maintenance completed
WO-000027,EQ-PP-FLC-0000,PM01,Calibration,TECO,2023-02-24 22:03:37.795343,2023-02-25 01:54:56.946165,3.855319672802782,889.4567886341807,NOTIF-000027,TECH-3988,Regular maintenance completed
WO-000028,EQ-PP-FLC-0000,PM01,Calibration,TECO,2023-03-30 22:03:37.795343,2023-03-31 01:50:39.462525,3.7837964394545427,1698.4683660468927,NOTIF-000028,TECH-5028,Regular maintenance completed
WO-000029,EQ-PP-FLC-0000,PM03,Breakdown Fix,TECO,2023-05-03 22:03:37.795343,2023-05-04 02:06:12.367338,4.042936665301411,2562.953847064498,NOTIF-000029,TECH-4056,Regular maintenance completed
WO-000030,EQ-PP-FLC-0000,PM01,Component Check,TECO,2023-06-06 22:03:37.795343,2023-06-07 04:49:00.560888,6.75632376262533,857.9141498785934,NOTIF-000030,TECH-9569,Regular maintenance completed
WO-000031,EQ-PP-FLC-0000,PM03,Emergency Repair,TECO,2023-06-07 22:03:37.795343,2023-06-08 12:03:50.849399,20.160094729736045,2937.82571956669,NOTIF-000031,TECH-2612,Unexpected breakdown - emergency repair required
WO-000032,EQ-PP-FLC-0000,PM01,Lubrication,TECO,2023-07-10 22:03:37.795343,2023-07-11 01:59:54.266014,3.937908519700782,1283.6952448525128,NOTIF-000032,TECH-1580,Regular maintenance completed
WO-000033,EQ-PP-FLC-0000,PM01,Component Check,TECO,2023-08-13 22:03:37.795343,2023-08-14 02:43:19.822129,4.66167410733787,1308.152711558861,NOTIF-000033,TECH-3528,Regular maintenance completed
WO-000034,EQ-PP-FLC-0000,PM01,Regular Service,TECO,2023-09-16 22:03:37.795343,2023-09-17 05:54:46.934778,7.85253873197021,664.6248118085068,NOTIF-000034,TECH-8574,Regular maintenance completed
WO-000035,EQ-PP-FLC-0000,PM02,Repair,TECO,2023-10-20 22:03:37.795343,2023-10-21 15:07:45.561812,17.06882401914254,4109.760481146359,NOTIF-000035,TECH-6796,Regular maintenance completed
WO-000036,EQ-PP-FLC-0000,PM02,Repair,TECO,2023-11-23 22:03:37.795343,2023-11-24 10:54:18.228278,12.844564704253582,1016.0528454416467,NOTIF-000036,TECH-9306,Regular maintenance completed
WO-000037,EQ-PP-FLC-0000,PM01,Lubrication,TECO,2023-12-27 22:03:37.795343,2023-12-28 02:18:30.708327,4.2480313844987965,669.990346009803,NOTIF-000037,TECH-5531,Regular maintenance completed
WO-000038,EQ-PP-FLC-0000,PM01,Lubrication,TECO,2024-01-30 22:03:37.795343,2024-01-31 03:53:53.360288,5.837656929237587,512.9775964966562,NOTIF-000038,TECH-3533,Regular maintenance completed
WO-000039,EQ-PP-FLC-0000,PM03,Emergency Repair,TECO,2024-03-04 22:03:37.795343,2024-03-05 18:23:53.858962,20.33779544967473,4480.804159896608,NOTIF-000039,TECH-2023,Regular maintenance completed
WO-000040,EQ-PP-FLC-0000,PM03,Emergency Repair,TECO,2024-03-24 22:03:37.795343,2024-03-25 21:26:55.666732,17.963421010473244,7557.935715949194,NOTIF-000040,TECH-2223,Unexpected breakdown - emergency repair required
WO-000041,EQ-PP-FLC-0000,PM01,Regular Service,TECO,2024-04-07 22:03:37.795343,2024-04-08 04:24:12.634032,6.343010746812094,795.8884021702112,NOTIF-000041,TECH-2853,Regular maintenance completed
WO-000042,EQ-PP-FLC-0000,PM02,Adjustment,TECO,2024-05-11 22:03:37.795343,2024-05-12 14:32:36.346082,16.48293076096717,1544.3663214364585,NOTIF-000042,TECH-3645,Regular maintenance completed
WO-000043,EQ-PP-FLC-0000,PM03,Emergency Repair,TECO,2024-06-11 22:03:37.795343,2024-06-12 13:31:42.574625,22.65628715307914,6604.254408018815,NOTIF-000043,TECH-8517,Unexpected breakdown - emergency repair required
WO-000044,EQ-PP-FLC-0000,PM01,Calibration,TECO,2024-06-14 22:03:37.795343,2024-06-15 02:50:37.496142,4.7832502218857895,1902.0449741388757,NOTIF-000044,TECH-5247,Regular maintenance completed
WO-000045,EQ-PP-FLC-0000,PM01,Regular Service,TECO,2024-07-18 22:03:37.795343,2024-07-19 03:13:49.437708,5.169900657023639,1579.6833160854364,NOTIF-000045,TECH-6975,Regular maintenance completed
WO-000046,EQ-PP-FLC-0000,PM01,Component Check,TECO,2024-08-21 22:03:37.795343,2024-08-22 05:13:48.496505,7.16963921162845,1514.9043018497955,NOTIF-000046,TECH-3314,Regular maintenance completed
WO-000047,EQ-PP-FLC-0000,PM01,Lubrication,TECO,2024-09-24 22:03:37.795343,2024-09-25 05:37:56.503461,7.571863366180546,1101.1782165091122,NOTIF-000047,TECH-7530,Regular maintenance completed
WO-000048,EQ-PP-FLC-0000,PM03,Emergency Repair,TECO,2024-10-28 22:03:37.795343,2024-10-29 08:36:30.371158,10.54793772629448,4145.010601278819,NOTIF-000048,TECH-2362,Regular maintenance completed
WO-000049,EQ-PP-FLC-0000,PM01,Component Check,TECO,2024-12-01 22:03:37.795343,2024-12-02 03:15:42.196018,5.2012224096173885,1093.0426535710596,NOTIF-000049,TECH-8741,Regular maintenance completed
WO-000050,EQ-PP-FLC-0000,PM01,Calibration,TECO,2025-01-04 22:03:37.795343,2025-01-05 04:01:48.721967,5.969701840058123,858.5874224869203,NOTIF-000050,TECH-3096,Regular maintenance completed
WO-000051,EQ-PP-FLC-0000,PM01,Regular Service,TECO,2025-02-07 22:03:37.795343,2025-02-08 05:02:23.943125,6.979485494982877,893.1112511196465,NOTIF-000051,TECH-7818,Regular maintenance completed
WO-000052,EQ-PP-FLC-0000,PM01,Regular Service,TECO,2025-03-13 22:03:37.795343,2025-03-14 02:38:18.387337,4.577942220470797,1974.1484356285255,NOTIF-000052,TECH-5419,Regular maintenance completed
WO-000053,EQ-PP-FLC-0001,PM01,Lubrication,TECO,2022-06-10 22:03:37.795677,2022-06-11 01:02:04.992321,2.9742212900599005,1993.2203866608068,NOTIF-000053,TECH-3684,Regular maintenance completed
WO-000054,EQ-PP-FLC-0001,PM01,Component Check,TECO,2022-07-10 22:03:37.795677,2022-07-11 05:17:48.317350,7.236256020354758,911.4756170115274,NOTIF-000054,TECH-1758,Regular maintenance completed
WO-000055,EQ-PP-FLC-0001,PM01,Regular Service,TECO,2022-08-09 22:03:37.795677,2022-08-10 04:31:51.807266,6.470558774590149,1276.170519026497,NOTIF-000055,TECH-1822,Regular maintenance completed
WO-000056,EQ-PP-FLC-0001,PM02,Adjustment,TECO,2022-09-08 22:03:37.795677,2022-09-09 19:41:49.290438,21.636526322513216,2433.309068170757,NOTIF-000056,TECH-2859,Regular maintenance completed
WO-000057,EQ-PP-FLC-0001,PM02,Component Replacement,TECO,2022-10-08 22:03:37.795677,2022-10-09 10:58:34.868868,12.915853664186217,1568.6095228315255,NOTIF-000057,TECH-3481,Regular maintenance completed
WO-000058,EQ-PP-FLC-0001,PM01,Calibration,TECO,2022-11-07 22:03:37.795677,2022-11-08 04:27:50.857088,6.403628169644581,646.908867202124,NOTIF-000058,TECH-7539,Regular maintenance completed
WO-000059,EQ-PP-FLC-0001,PM01,Component Check,TECO,2022-12-07 22:03:37.795677,2022-12-08 02:08:57.524681,4.088813612139728,1021.9981608786387,NOTIF-000059,TECH-6635,Regular maintenance completed
WO-000060,EQ-PP-FLC-0001,PM01,Regular Service,TECO,2023-01-06 22:03:37.795677,2023-01-07 05:25:51.588245,7.370497935527879,1586.642478089868,NOTIF-000060,TECH-9909,Regular maintenance completed
WO-000061,EQ-PP-FLC-0001,PM01,Component Check,TECO,2023-02-05 22:03:37.795677,2023-02-06 04:30:47.331042,6.452648712404716,747.9371350074616,NOTIF-000061,TECH-6506,Regular maintenance completed
WO-000062,EQ-PP-FLC-0001,PM03,Emergency Repair,TECO,2023-03-05 22:03:37.795677,2023-03-06 19:17:35.876252,23.926513411602766,5184.0642127939045,NOTIF-000062,TECH-3709,Unexpected breakdown - emergency repair required
WO-000063,EQ-PP-FLC-0001,PM01,Component Check,TECO,2023-03-07 22:03:37.795677,2023-03-08 02:12:03.532946,4.140482574670109,1451.9770537414615,NOTIF-000063,TECH-9159,Regular maintenance completed
WO-000064,EQ-PP-FLC-0001,PM01,Regular Service,TECO,2023-04-06 22:03:37.795677,2023-04-07 03:11:05.347705,5.124320007863531,613.658700270877,NOTIF-000064,TECH-4682,Regular maintenance completed
WO-000065,EQ-PP-FLC-0001,PM01,Component Check,TECO,2023-05-06 22:03:37.795677,2023-05-07 03:02:07.320616,4.9748680386212145,1683.7751052604544,NOTIF-000065,TECH-8906,Regular maintenance completed
WO-000066,EQ-PP-FLC-0001,PM01,Component Check,TECO,2023-06-05 22:03:37.795677,2023-06-06 05:50:11.921461,7.776146051101955,960.6911202322774,NOTIF-000066,TECH-7802,Regular maintenance completed
WO-000067,EQ-PP-FLC-0001,PM03,Emergency Repair,TECO,2023-06-08 22:03:37.795677,2023-06-09 07:34:58.821006,5.716706218160818,3713.6658105838815,NOTIF-000067,TECH-8890,Unexpected breakdown - emergency repair required
WO-000068,EQ-PP-FLC-0001,PM01,Lubrication,TECO,2023-07-05 22:03:37.795677,2023-07-06 05:03:27.667169,6.997186525654412,1689.9777929143845,NOTIF-000068,TECH-3539,Regular maintenance completed
WO-000069,EQ-PP-FLC-0001,PM01,Calibration,TECO,2023-08-04 22:03:37.795677,2023-08-05 05:55:59.941688,7.8728183364137205,1684.4812180336455,NOTIF-000069,TECH-3021,Regular maintenance completed
WO-000070,EQ-PP-FLC-0001,PM03,Breakdown Fix,TECO,2023-09-03 22:03:37.795677,2023-09-04 03:01:51.467947,4.970464519346326,2985.2876300459975,NOTIF-000070,TECH-5042,Regular maintenance completed
WO-000071,EQ-PP-FLC-0001,PM01,Lubrication,TECO,2023-10-03 22:03:37.795677,2023-10-04 04:05:20.773294,6.028604893535262,1890.089357156845,NOTIF-000071,TECH-1592,Regular maintenance completed
WO-000072,EQ-PP-FLC-0001,PM01,Component Check,TECO,2023-11-02 22:03:37.795677,2023-11-03 02:24:35.996357,4.349500188801367,521.4733758255003,NOTIF-000072,TECH-4566,Regular maintenance completed
WO-000073,EQ-PP-FLC-0001,PM01,Calibration,TECO,2023-12-02 22:03:37.795677,2023-12-03 03:34:52.460193,5.520740143334439,1128.4264943668072,NOTIF-000073,TECH-9978,Regular maintenance completed
WO-000074,EQ-PP-FLC-0001,PM03,Emergency Repair,TECO,2023-12-28 22:03:37.795677,2023-12-29 20:02:16.753950,13.504059784270495,7210.765023001007,NOTIF-000074,TECH-7091,Unexpected breakdown - emergency repair required
WO-000075,EQ-PP-FLC-0001,PM02,Adjustment,TECO,2024-01-01 22:03:37.795677,2024-01-02 14:25:34.684231,16.365802376042282,2195.532371003464,NOTIF-000075,TECH-9741,Regular maintenance completed
WO-000076,EQ-PP-FLC-0001,PM03,Emergency Repair,TECO,2024-01-31 22:03:37.795677,2024-02-01 08:48:27.845187,10.747235974978128,4460.607719028967,NOTIF-000076,TECH-8192,Regular maintenance completed
WO-000077,EQ-PP-FLC-0001,PM01,Lubrication,TECO,2024-03-01 22:03:37.795677,2024-03-02 05:59:15.774592,7.927216365281363,1092.4112186476586,NOTIF-000077,TECH-2947,Regular maintenance completed
WO-000078,EQ-PP-FLC-0001,PM02,Repair,TECO,2024-03-31 22:03:37.795677,2024-04-01 15:24:04.488353,17.340747965676904,1398.0949827465602,NOTIF-000078,TECH-9114,Regular maintenance completed
WO-000079,EQ-PP-FLC-0001,PM01,Lubrication,TECO,2024-04-30 22:03:37.795677,2024-05-01 04:18:02.903300,6.2403076729323175,721.2358744373207,NOTIF-000079,TECH-5047,Regular maintenance completed
WO-000080,EQ-PP-FLC-0001,PM01,Regular Service,TECO,2024-05-30 22:03:37.795677,2024-05-31 03:11:12.694071,5.126360665104174,1356.9068517067376,NOTIF-000080,TECH-9765,Regular maintenance completed
WO-000081,EQ-PP-FLC-0001,PM01,Regular Service,TECO,2024-06-29 22:03:37.795677,2024-06-30 03:37:58.055860,5.5722944952611515,1380.5506787859545,NOTIF-000081,TECH-7173,Regular maintenance completed
WO-000082,EQ-PP-FLC-0001,PM01,Calibration,TECO,2024-07-29 22:03:37.795677,2024-07-30 03:32:31.541169,5.481595970025834,1469.3905671306236,NOTIF-000082,TECH-2346,Regular maintenance completed
WO-000083,EQ-PP-FLC-0001,PM01,Regular Service,TECO,2024-08-28 22:03:37.795677,2024-08-29 05:41:11.785754,7.626108354781724,1844.7074462414635,NOTIF-000083,TECH-2681,Regular maintenance completed
WO-000084,EQ-PP-FLC-0001,PM02,Component Replacement,TECO,2024-09-27 22:03:37.795677,2024-09-28 02:57:33.583066,4.89882983023458,3764.5537213626008,NOTIF-000084,TECH-4444,Regular maintenance completed
WO-000085,EQ-PP-FLC-0001,PM01,Calibration,TECO,2024-10-27 22:03:37.795677,2024-10-28 05:35:30.948706,7.531431397055413,1287.0547706259727,NOTIF-000085,TECH-7722,Regular maintenance completed
WO-000086,EQ-PP-FLC-0001,PM01,Regular Service,TECO,2024-11-26 22:03:37.795677,2024-11-27 04:09:09.619804,6.092173368535523,1592.7452158148415,NOTIF-000086,TECH-9223,Regular maintenance completed
WO-000087,EQ-PP-FLC-0001,PM01,Lubrication,TECO,2024-12-26 22:03:37.795677,2024-12-27 01:37:48.078906,3.569523119114397,818.0583776506335,NOTIF-000087,TECH-1982,Regular maintenance completed
WO-000088,EQ-PP-FLC-0001,PM01,Regular Service,TECO,2025-01-25 22:03:37.795677,2025-01-26 03:19:51.546338,5.270486294622474,1165.2532972941667,NOTIF-000088,TECH-4970,Regular maintenance completed
WO-000089,EQ-PP-FLC-0001,PM01,Component Check,TECO,2025-02-24 22:03:37.795677,2025-02-25 04:19:12.780357,6.259717966552684,1962.1918228665154,NOTIF-000089,TECH-7781,Regular maintenance completed
WO-000090,EQ-PP-FLC-0001,PM01,Regular Service,TECO,2025-03-26 22:03:37.795677,2025-03-27 01:50:56.585957,3.78855285562293,671.9742280453142,NOTIF-000090,TECH-8428,Regular maintenance completed
WO-000091,EQ-PP-RTG-0000,PM01,Lubrication,TECO,2021-12-14 22:03:37.795838,2021-12-15 00:23:16.505280,2.327419289421163,1155.6702472615423,NOTIF-000091,TECH-7375,Regular maintenance completed
WO-000092,EQ-PP-RTG-0000,PM03,Emergency Repair,TECO,2021-12-27 22:03:37.795838,2021-12-28 19:10:07.228976,15.368516726830919,7379.380641107898,NOTIF-000092,TECH-8950,Unexpected breakdown - emergency repair required
WO-000093,EQ-PP-RTG-0000,PM01,Regular Service,TECO,2021-12-30 22:03:37.795838,2021-12-31 00:48:04.694647,2.7408052247481294,1756.9195490660436,NOTIF-000093,TECH-7676,Regular maintenance completed
WO-000094,EQ-PP-RTG-0000,PM01,Component Check,TECO,2022-01-15 22:03:37.795838,2022-01-16 01:50:38.067328,3.783408747098636,1677.8495763348146,NOTIF-000094,TECH-1731,Regular maintenance completed
WO-000095,EQ-PP-RTG-0000,PM02,Adjustment,TECO,2022-01-31 22:03:37.795838,2022-02-01 15:22:25.630352,17.31328736489769,4941.796544539651,NOTIF-000095,TECH-1321,Regular maintenance completed
WO-000096,EQ-PP-RTG-0000,PM01,Regular Service,TECO,2022-02-16 22:03:37.795838,2022-02-17 01:48:07.073324,3.7414659682642046,1317.2785006197582,NOTIF-000096,TECH-3620,Regular maintenance completed
WO-000097,EQ-PP-RTG-0000,PM03,Emergency Repair,TECO,2022-02-19 22:03:37.795838,2022-02-20 11:18:44.912572,5.2257136334158965,4109.947809629524,NOTIF-000097,TECH-2725,Unexpected breakdown - emergency repair required
WO-000098,EQ-PP-RTG-0000,PM01,Lubrication,TECO,2022-03-04 22:03:37.795838,2022-03-05 01:10:39.164099,3.1170467391325025,1815.6219948365097,NOTIF-000098,TECH-4944,Regular maintenance completed
WO-000099,EQ-PP-RTG-0000,PM01,Lubrication,TECO,2022-03-20 22:03:37.795838,2022-03-21 03:19:08.984502,5.258663517653781,1915.3394792562444,NOTIF-000099,TECH-5619,Regular maintenance completed
WO-000100,EQ-PP-RTG-0000,PM01,Regular Service,TECO,2022-04-05 22:03:37.795838,2022-04-06 03:11:14.079938,5.126745583364785,1327.9970905166188,NOTIF-000100,TECH-4131,Regular maintenance completed
WO-000101,EQ-PP-RTG-0000,PM01,Lubrication,TECO,2022-04-21 22:03:37.795838,2022-04-22 02:36:52.683733,4.55413552644228,1513.3734525625996,NOTIF-000101,TECH-4083,Regular maintenance completed
WO-000102,EQ-PP-RTG-0000,PM01,Lubrication,TECO,2022-05-07 22:03:37.795838,2022-05-08 01:03:08.458024,2.9918506072287645,1082.9871900593812,NOTIF-000102,TECH-3030,Regular maintenance completed
WO-000103,EQ-PP-RTG-0000,PM03,Emergency Repair,TECO,2022-05-23 22:03:37.795838,2022-05-24 15:36:51.126565,17.553702979624155,3182.1619247146973,NOTIF-000103,TECH-7894,Regular maintenance completed
WO-000104,EQ-PP-RTG-0000,PM03,Emergency Repair,TECO,2022-06-08 22:03:37.795838,2022-06-09 19:44:09.941530,21.6755960256498,3724.7571990352835,NOTIF-000104,TECH-8679,Regular maintenance completed
WO-000105,EQ-PP-RTG-0000,PM01,Component Check,TECO,2022-06-24 22:03:37.795838,2022-06-25 01:04:54.028173,3.021175648535312,1652.433993891336,NOTIF-000105,TECH-7776,Regular maintenance completed
WO-000106,EQ-PP-RTG-0000,PM01,Calibration,TECO,2022-07-10 22:03:37.795838,2022-07-11 05:07:25.095650,7.063138836549315,686.2198354688644,NOTIF-000106,TECH-5455,Regular maintenance completed
WO-000107,EQ-PP-RTG-0000,PM01,Lubrication,TECO,2022-07-26 22:03:37.795838,2022-07-27 04:59:44.133265,6.9350937298104,1720.109119854622,NOTIF-000107,TECH-7802,Regular maintenance completed
WO-000108,EQ-PP-RTG-0000,PM01,Regular Service,TECO,2022-08-11 22:03:37.795838,2022-08-12 00:26:01.670487,2.3732985135751434,527.1182114733357,NOTIF-000108,TECH-5610,Regular maintenance completed
WO-000109,EQ-PP-RTG-0000,PM03,Emergency Repair,TECO,2022-08-24 22:03:37.795838,2022-08-25 18:55:10.371847,8.072877434319524,2765.9137916879527,NOTIF-000109,TECH-4094,Unexpected breakdown - emergency repair required
WO-000110,EQ-PP-RTG-0000,PM01,Calibration,TECO,2022-08-27 22:03:37.795838,2022-08-28 00:19:38.354913,2.2668219653828734,1937.1411352061898,NOTIF-000110,TECH-3354,Regular maintenance completed
WO-000111,EQ-PP-RTG-0000,PM01,Regular Service,TECO,2022-09-12 22:03:37.795838,2022-09-13 03:45:22.124967,5.6956469803708405,788.3839890229387,NOTIF-000111,TECH-7322,Regular maintenance completed
WO-000112,EQ-PP-RTG-0000,PM01,Lubrication,TECO,2022-09-28 22:03:37.795838,2022-09-29 05:46:57.233855,7.722066115842539,1199.9932196030845,NOTIF-000112,TECH-7526,Regular maintenance completed
WO-000113,EQ-PP-RTG-0000,PM01,Regular Service,TECO,2022-10-14 22:03:37.795838,2022-10-15 00:06:28.334036,2.047371721575171,933.0824344083427,NOTIF-000113,TECH-6278,Regular maintenance completed
WO-000114,EQ-PP-RTG-0000,PM03,Emergency Repair,TECO,2022-10-24 22:03:37.795838,2022-10-25 12:10:44.230324,17.792428228549536,3746.333541115974,NOTIF-000114,TECH-2532,Unexpected breakdown - emergency repair required
WO-000115,EQ-PP-RTG-0000,PM01,Component Check,TECO,2022-10-30 22:03:37.795838,2022-10-31 02:32:30.559009,4.481323102984507,1501.731190290336,NOTIF-000115,TECH-6481,Regular maintenance completed
WO-000116,EQ-PP-RTG-0000,PM02,Adjustment,TECO,2022-11-15 22:03:37.795838,2022-11-16 19:23:38.435967,21.333511146982975,4597.10148445108,NOTIF-000116,TECH-2159,Regular maintenance completed
WO-000117,EQ-PP-RTG-0000,PM01,Component Check,TECO,2022-12-01 22:03:37.795838,2022-12-02 05:17:28.314371,7.230699592419867,544.105255014175,NOTIF-000117,TECH-5803,Regular maintenance completed
WO-000118,EQ-PP-RTG-0000,PM03,Breakdown Fix,TECO,2022-12-17 22:03:37.795838,2022-12-18 13:07:34.405280,15.065724845012285,2607.8029164671075,NOTIF-000118,TECH-3411,Regular maintenance completed
WO-000119,EQ-PP-RTG-0000,PM01,Calibration,TECO,2023-01-02 22:03:37.795838,2023-01-03 05:30:32.763271,7.448602064850987,1423.789512056356,NOTIF-000119,TECH-6855,Regular maintenance completed
WO-000120,EQ-PP-RTG-0000,PM02,Adjustment,TECO,2023-01-18 22:03:37.795838,2023-01-19 16:27:40.985814,18.400886104558303,4189.253175985757,NOTIF-000120,TECH-9995,Regular maintenance completed
WO-000121,EQ-PP-RTG-0000,PM01,Regular Service,TECO,2023-02-03 22:03:37.795838,2023-02-04 04:40:37.571424,6.616604329540228,1914.3953502980896,NOTIF-000121,TECH-9969,Regular maintenance completed
WO-000122,EQ-PP-RTG-0000,PM01,Component Check,TECO,2023-02-19 22:03:37.795838,2023-02-20 00:59:04.887286,2.924192068893001,1248.528689376443,NOTIF-000122,TECH-2737,Regular maintenance completed
WO-000123,EQ-PP-RTG-0000,PM01,Component Check,TECO,2023-03-07 22:03:37.795838,2023-03-08 01:35:05.435681,3.5243444008464646,1717.7833560012016,NOTIF-000123,TECH-3457,Regular maintenance completed
WO-000124,EQ-PP-RTG-0000,PM01,Calibration,TECO,2023-03-23 22:03:37.795838,2023-03-24 00:26:44.276291,2.385133459192141,1305.3752269003076,NOTIF-000124,TECH-9701,Regular maintenance completed
WO-000125,EQ-PP-RTG-0000,PM01,Regular Service,TECO,2023-04-08 22:03:37.795838,2023-04-09 02:48:43.313958,4.7515328110348936,1918.6586806710036,NOTIF-000125,TECH-7490,Regular maintenance completed
WO-000126,EQ-PP-RTG-0000,PM03,Emergency Repair,TECO,2023-04-21 22:03:37.795838,2023-04-22 12:45:34.776981,9.424006834430752,5122.709857619916,NOTIF-000126,TECH-7232,Unexpected breakdown - emergency repair required
WO-000127,EQ-PP-RTG-0000,PM01,Component Check,TECO,2023-04-24 22:03:37.795838,2023-04-25 05:06:11.209803,7.04261499039914,1499.2767739725389,NOTIF-000127,TECH-1070,Regular maintenance completed
WO-000128,EQ-PP-RTG-0000,PM01,Lubrication,TECO,2023-05-10 22:03:37.795838,2023-05-11 05:14:54.605277,7.188002622043641,1192.6295472019603,NOTIF-000128,TECH-6606,Regular maintenance completed
WO-000129,EQ-PP-RTG-0000,PM03,Emergency Repair,TECO,2023-05-26 22:03:37.795838,2023-05-27 14:23:11.690324,16.326081801783694,4553.128345980732,NOTIF-000129,TECH-5225,Regular maintenance completed
WO-000130,EQ-PP-RTG-0000,PM01,Component Check,TECO,2023-06-11 22:03:37.795838,2023-06-12 00:40:22.983964,2.6125522571600994,872.6672701467726,NOTIF-000130,TECH-3914,Regular maintenance completed
WO-000131,EQ-PP-RTG-0000,PM01,Regular Service,TECO,2023-06-27 22:03:37.795838,2023-06-28 04:55:54.641674,6.871346065593679,1081.1736282282109,NOTIF-000131,TECH-1254,Regular maintenance completed
WO-000132,EQ-PP-RTG-0000,PM02,Component Replacement,TECO,2023-07-13 22:03:37.795838,2023-07-14 22:03:30.021208,23.997840380505288,4618.092083088972,NOTIF-000132,TECH-3648,Regular maintenance completed
WO-000133,EQ-PP-RTG-0000,PM01,Component Check,TECO,2023-07-29 22:03:37.795838,2023-07-30 02:55:28.835860,4.864177783778525,1032.877753761982,NOTIF-000133,TECH-9774,Regular maintenance completed
WO-000134,EQ-PP-RTG-0000,PM01,Lubrication,TECO,2023-08-14 22:03:37.795838,2023-08-15 00:07:37.448877,2.0665702886973065,1456.6546486188308,NOTIF-000134,TECH-1152,Regular maintenance completed
WO-000135,EQ-PP-RTG-0000,PM01,Lubrication,TECO,2023-08-30 22:03:37.795838,2023-08-31 02:26:16.372803,4.377382490277623,500.25685752657455,NOTIF-000135,TECH-9298,Regular maintenance completed
WO-000136,EQ-PP-RTG-0000,PM01,Calibration,TECO,2023-09-15 22:03:37.795838,2023-09-16 01:53:52.618747,3.8374508080166714,506.47113465377487,NOTIF-000136,TECH-7596,Regular maintenance completed
WO-000137,EQ-PP-RTG-0000,PM01,Calibration,TECO,2023-10-01 22:03:37.795838,2023-10-02 05:13:53.070684,7.170909679539177,545.1476443065071,NOTIF-000137,TECH-1668,Regular maintenance completed
WO-000138,EQ-PP-RTG-0000,PM01,Calibration,TECO,2023-10-17 22:03:37.795838,2023-10-18 02:15:09.572383,4.192160151524482,1025.757549398171,NOTIF-000138,TECH-8881,Regular maintenance completed
WO-000139,EQ-PP-RTG-0000,PM01,Regular Service,TECO,2023-11-02 22:03:37.795838,2023-11-03 01:10:23.735609,3.112761047414117,1188.6995153489124,NOTIF-000139,TECH-4471,Regular maintenance completed
WO-000140,EQ-PP-RTG-0000,PM01,Component Check,TECO,2023-11-18 22:03:37.795838,2023-11-19 04:50:41.221653,6.78428494857539,1023.5588184119546,NOTIF-000140,TECH-1354,Regular maintenance completed
WO-000141,EQ-PP-RTG-0000,PM01,Lubrication,TECO,2023-12-04 22:03:37.795838,2023-12-05 03:53:48.286554,5.8362474211823745,782.7482283926211,NOTIF-000141,TECH-4038,Regular maintenance completed
WO-000142,EQ-PP-RTG-0000,PM03,Emergency Repair,TECO,2023-12-20 22:03:37.795838,2023-12-21 16:43:55.575610,18.67160549214393,3089.924991755912,NOTIF-000142,TECH-2846,Regular maintenance completed
WO-000143,EQ-PP-RTG-0000,PM01,Lubrication,TECO,2024-01-05 22:03:37.795838,2024-01-06 03:25:14.709170,5.360253703249831,1539.2212737677983,NOTIF-000143,TECH-3690,Regular maintenance completed
WO-000144,EQ-PP-RTG-0000,PM02,Adjustment,TECO,2024-01-21 22:03:37.795838,2024-01-22 10:29:14.042465,12.426735174062259,2614.4501207602375,NOTIF-000144,TECH-6216,Regular maintenance completed
WO-000145,EQ-PP-RTG-0000,PM01,Calibration,TECO,2024-02-06 22:03:37.795838,2024-02-07 00:41:58.680160,2.6391345339480257,1635.805753182749,NOTIF-000145,TECH-8725,Regular maintenance completed
WO-000146,EQ-PP-RTG-0000,PM01,Calibration,TECO,2024-02-22 22:03:37.795838,2024-02-23 04:08:58.040045,6.088956724031982,904.9204772560888,NOTIF-000146,TECH-9268,Regular maintenance completed
WO-000147,EQ-PP-RTG-0000,PM01,Component Check,TECO,2024-03-09 22:03:37.795838,2024-03-10 00:09:25.378501,2.0965507397456298,1458.253939769214,NOTIF-000147,TECH-1904,Regular maintenance completed
WO-000148,EQ-PP-RTG-0000,PM03,Emergency Repair,TECO,2024-03-23 22:03:37.795838,2024-03-24 10:02:37.301845,6.520067121267857,2588.8122585846404,NOTIF-000148,TECH-3933,Unexpected breakdown - emergency repair required
WO-000149,EQ-PP-RTG-0000,PM01,Lubrication,TECO,2024-03-25 22:03:37.795838,2024-03-26 00:08:33.099148,2.082028697316878,1655.783310839983,NOTIF-000149,TECH-2326,Regular maintenance completed
WO-000150,EQ-PP-RTG-0000,PM01,Regular Service,TECO,2024-04-10 22:03:37.795838,2024-04-11 05:20:21.986601,7.278941878483138,1152.251772436968,NOTIF-000150,TECH-6762,Regular maintenance completed
WO-000151,EQ-PP-RTG-0000,PM01,Component Check,TECO,2024-04-26 22:03:37.795838,2024-04-27 05:59:21.592475,7.928832399103795,1742.9184995371927,NOTIF-000151,TECH-1920,Regular maintenance completed
WO-000152,EQ-PP-RTG-0000,PM01,Component Check,TECO,2024-05-12 22:03:37.795838,2024-05-13 01:24:05.533225,3.3410381629306145,632.4716525720974,NOTIF-000152,TECH-4807,Regular maintenance completed
WO-000153,EQ-PP-RTG-0000,PM01,Component Check,TECO,2024-05-28 22:03:37.795838,2024-05-29 05:20:01.747366,7.273319868885624,1882.749757998455,NOTIF-000153,TECH-3512,Regular maintenance completed
WO-000154,EQ-PP-RTG-0000,PM01,Lubrication,TECO,2024-06-13 22:03:37.795838,2024-06-14 01:54:33.899205,3.848917602028587,1999.774399829937,NOTIF-000154,TECH-6604,Regular maintenance completed
WO-000155,EQ-PP-RTG-0000,PM01,Component Check,TECO,2024-06-29 22:03:37.795838,2024-06-30 02:12:13.410937,4.143226416270529,1075.3252987806754,NOTIF-000155,TECH-6718,Regular maintenance completed
WO-000156,EQ-PP-RTG-0000,PM01,Component Check,TECO,2024-07-15 22:03:37.795838,2024-07-16 00:20:37.213180,2.283171484011371,1036.6276359122467,NOTIF-000156,TECH-7739,Regular maintenance completed
WO-000157,EQ-PP-RTG-0000,PM03,Emergency Repair,TECO,2024-07-19 22:03:37.795838,2024-07-20 14:06:39.568115,14.264288447209129,6797.6775925185075,NOTIF-000157,TECH-8244,Unexpected breakdown - emergency repair required
WO-000158,EQ-PP-RTG-0000,PM01,Component Check,TECO,2024-07-31 22:03:37.795838,2024-08-01 02:26:09.866473,4.375575176481893,1708.7587631621193,NOTIF-000158,TECH-7242,Regular maintenance completed
WO-000159,EQ-PP-RTG-0000,PM01,Component Check,TECO,2024-08-16 22:03:37.795838,2024-08-17 04:12:02.697732,6.140250526046841,975.436731197727,NOTIF-000159,TECH-3131,Regular maintenance completed
WO-000160,EQ-PP-RTG-0000,PM01,Lubrication,TECO,2024-09-01 22:03:37.795838,2024-09-02 05:09:37.352068,7.099876730488901,1191.096427504266,NOTIF-000160,TECH-9903,Regular maintenance completed
WO-000161,EQ-PP-RTG-0000,PM03,Breakdown Fix,TECO,2024-09-17 22:03:37.795838,2024-09-18 18:20:19.972775,20.27838248246802,1153.5490301581137,NOTIF-000161,TECH-1489,Regular maintenance completed
WO-000162,EQ-PP-RTG-0000,PM03,Emergency Repair,TECO,2024-09-30 22:03:37.795838,2024-10-01 15:44:35.436881,20.53794286690822,5233.193080455137,NOTIF-000162,TECH-1731,Unexpected breakdown - emergency repair required
WO-000163,EQ-PP-RTG-0000,PM01,Calibration,TECO,2024-10-03 22:03:37.795838,2024-10-04 04:10:40.730996,6.117481988338634,1937.4375492534111,NOTIF-000163,TECH-5514,Regular maintenance completed
WO-000164,EQ-PP-RTG-0000,PM01,Component Check,TECO,2024-10-19 22:03:37.795838,2024-10-20 00:33:46.475284,2.5024109571971542,1337.584405157889,NOTIF-000164,TECH-3438,Regular maintenance completed
WO-000165,EQ-PP-RTG-0000,PM01,Lubrication,TECO,2024-11-04 22:03:37.795838,2024-11-05 03:48:39.049506,5.750348241035004,1839.66495208669,NOTIF-000165,TECH-8637,Regular maintenance completed
WO-000166,EQ-PP-RTG-0000,PM01,Component Check,TECO,2024-11-20 22:03:37.795838,2024-11-21 05:40:21.178002,7.612050601119757,1463.356702917717,NOTIF-000166,TECH-2770,Regular maintenance completed
WO-000167,EQ-PP-RTG-0000,PM03,Breakdown Fix,TECO,2024-12-06 22:03:37.795838,2024-12-07 11:15:49.929208,13.203370380436686,3848.9249786305154,NOTIF-000167,TECH-3144,Regular maintenance completed
WO-000168,EQ-PP-RTG-0000,PM01,Lubrication,TECO,2024-12-22 22:03:37.795838,2024-12-23 03:11:19.692360,5.128304589501414,1832.2039681596243,NOTIF-000168,TECH-7964,Regular maintenance completed
WO-000169,EQ-PP-RTG-0000,PM01,Regular Service,TECO,2025-01-07 22:03:37.795838,2025-01-08 01:22:14.265320,3.3101304117699732,512.2856233355803,NOTIF-000169,TECH-5745,Regular maintenance completed
WO-000170,EQ-PP-RTG-0000,PM03,Emergency Repair,TECO,2025-01-09 22:03:37.795838,2025-01-10 05:10:16.219115,21.84585393263795,2155.7025946691842,NOTIF-000170,TECH-4324,Unexpected breakdown - emergency repair required
WO-000171,EQ-PP-RTG-0000,PM03,Breakdown Fix,TECO,2025-01-23 22:03:37.795838,2025-01-24 12:04:58.007015,14.02228088254723,1942.8749796255106,NOTIF-000171,TECH-9585,Regular maintenance completed
WO-000172,EQ-PP-RTG-0000,PM01,Component Check,TECO,2025-02-08 22:03:37.795838,2025-02-09 02:53:59.275993,4.839300043147951,1637.4899270595147,NOTIF-000172,TECH-6656,Regular maintenance completed
WO-000173,EQ-PP-RTG-0000,PM01,Component Check,TECO,2025-02-24 22:03:37.795838,2025-02-25 05:47:10.436898,7.7257336278230895,1123.6913887260862,NOTIF-000173,TECH-3704,Regular maintenance completed
WO-000174,EQ-PP-RTG-0000,PM01,Lubrication,TECO,2025-03-12 22:03:37.795838,2025-03-13 05:33:20.530039,7.495203944702008,1859.755400794239,NOTIF-000174,TECH-1167,Regular maintenance completed
WO-000175,EQ-PP-RTG-0000,PM01,Lubrication,TECO,2025-03-28 22:03:37.795838,2025-03-29 02:43:55.828270,4.6716756755848206,986.1571324567716,NOTIF-000175,TECH-7089,Regular maintenance completed
WO-000176,EQ-PP-RTG-0000,PM01,Regular Service,TECO,2025-04-13 22:03:37.795838,2025-04-14 05:42:24.384925,7.646274746350153,1764.580943055534,NOTIF-000176,TECH-6913,Regular maintenance completed
WO-000177,EQ-PP-RTG-0001,PM01,Calibration,TECO,2022-05-29 22:03:37.795965,2022-05-30 00:37:02.928616,2.5569812920368387,879.6334680457899,NOTIF-000177,TECH-1036,Regular maintenance completed
WO-000178,EQ-PP-RTG-0001,PM01,Component Check,TECO,2022-06-22 22:03:37.795965,2022-06-23 01:11:20.477272,3.128522585266894,1696.282323194813,NOTIF-000178,TECH-8715,Regular maintenance completed
WO-000179,EQ-PP-RTG-0001,PM02,Repair,TECO,2022-07-16 22:03:37.795965,2022-07-17 02:32:19.795725,4.478333266730193,2100.6096524521504,NOTIF-000179,TECH-9529,Regular maintenance completed
WO-000180,EQ-PP-RTG-0001,PM01,Lubrication,TECO,2022-08-09 22:03:37.795965,2022-08-10 04:39:58.192242,6.6056656323743,1895.546386117606,NOTIF-000180,TECH-8379,Regular maintenance completed
WO-000181,EQ-PP-RTG-0001,PM01,Component Check,TECO,2022-09-02 22:03:37.795965,2022-09-03 04:03:04.691079,5.990804198410609,1211.0761100071982,NOTIF-000181,TECH-8355,Regular maintenance completed
WO-000182,EQ-PP-RTG-0001,PM03,Emergency Repair,TECO,2022-09-26 22:03:37.795965,2022-09-27 05:32:56.685824,7.488580516502681,2635.352309478303,NOTIF-000182,TECH-8700,Regular maintenance completed
WO-000183,EQ-PP-RTG-0001,PM03,Emergency Repair,TECO,2022-10-20 22:03:37.795965,2022-10-21 19:37:15.699378,21.56052872579446,1833.1246699001742,NOTIF-000183,TECH-4589,Regular maintenance completed
WO-000184,EQ-PP-RTG-0001,PM02,Component Replacement,TECO,2022-11-13 22:03:37.795965,2022-11-14 13:18:55.331929,15.254871101117823,2313.751544841371,NOTIF-000184,TECH-8070,Regular maintenance completed
WO-000185,EQ-PP-RTG-0001,PM01,Component Check,TECO,2022-12-07 22:03:37.795965,2022-12-08 03:16:01.370347,5.20654843943564,1071.7122692451157,NOTIF-000185,TECH-9511,Regular maintenance completed
WO-000186,EQ-PP-RTG-0001,PM01,Calibration,TECO,2022-12-31 22:03:37.795965,2023-01-01 02:43:37.825339,4.6666748262151625,1863.2353549122129,NOTIF-000186,TECH-2149,Regular maintenance completed
WO-000187,EQ-PP-RTG-0001,PM01,Regular Service,TECO,2023-01-24 22:03:37.795965,2023-01-25 04:49:08.936990,6.758650284702365,1354.4485241002817,NOTIF-000187,TECH-3973,Regular maintenance completed
WO-000188,EQ-PP-RTG-0001,PM01,Calibration,TECO,2023-02-17 22:03:37.795965,2023-02-18 01:41:37.040604,3.633123510702906,1909.151574539642,NOTIF-000188,TECH-8334,Regular maintenance completed
WO-000189,EQ-PP-RTG-0001,PM01,Component Check,TECO,2023-03-13 22:03:37.795965,2023-03-14 01:29:40.876633,3.434189074497697,1684.136496513242,NOTIF-000189,TECH-6084,Regular maintenance completed
WO-000190,EQ-PP-RTG-0001,PM01,Regular Service,TECO,2023-04-06 22:03:37.795965,2023-04-07 01:01:04.364458,2.9573801369160737,1137.7279172362678,NOTIF-000190,TECH-6855,Regular maintenance completed
WO-000191,EQ-PP-RTG-0001,PM01,Calibration,TECO,2023-04-30 22:03:37.795965,2023-05-01 05:59:26.480978,7.930190281435219,899.067862964019,NOTIF-000191,TECH-6705,Regular maintenance completed
WO-000192,EQ-PP-RTG-0001,PM01,Component Check,TECO,2023-05-24 22:03:37.795965,2023-05-25 05:25:09.373183,7.358771449340527,1297.238633160158,NOTIF-000192,TECH-6748,Regular maintenance completed
WO-000193,EQ-PP-RTG-0001,PM03,Breakdown Fix,TECO,2023-06-17 22:03:37.795965,2023-06-18 20:20:26.207578,22.280114336848317,4882.02151903342,NOTIF-000193,TECH-8778,Regular maintenance completed
WO-000194,EQ-PP-RTG-0001,PM01,Calibration,TECO,2023-07-11 22:03:37.795965,2023-07-12 04:20:26.333657,6.280149358832506,1523.3726494892217,NOTIF-000194,TECH-2345,Regular maintenance completed
WO-000195,EQ-PP-RTG-0001,PM01,Calibration,TECO,2023-08-04 22:03:37.795965,2023-08-05 01:19:57.012805,3.272004677640089,1754.724389456016,NOTIF-000195,TECH-3451,Regular maintenance completed
WO-000196,EQ-PP-RTG-0001,PM01,Component Check,TECO,2023-08-28 22:03:37.795965,2023-08-29 04:32:37.361061,6.48321252679126,732.5536457225387,NOTIF-000196,TECH-1142,Regular maintenance completed
WO-000197,EQ-PP-RTG-0001,PM01,Regular Service,TECO,2023-09-21 22:03:37.795965,2023-09-22 04:07:47.168505,6.069270150024291,1416.2914804146862,NOTIF-000197,TECH-9153,Regular maintenance completed
WO-000198,EQ-PP-RTG-0001,PM01,Regular Service,TECO,2023-10-15 22:03:37.795965,2023-10-16 00:53:40.626343,2.834119549396777,1984.8309887033565,NOTIF-000198,TECH-6214,Regular maintenance completed
WO-000199,EQ-PP-RTG-0001,PM03,Breakdown Fix,TECO,2023-11-08 22:03:37.795965,2023-11-09 08:48:20.938368,10.745317334060733,4452.327939305005,NOTIF-000199,TECH-8499,Regular maintenance completed
WO-000200,EQ-PP-RTG-0001,PM01,Lubrication,TECO,2023-12-02 22:03:37.795965,2023-12-03 03:08:47.487569,5.08602544545788,947.121370044825,NOTIF-000200,TECH-2851,Regular maintenance completed
WO-000201,EQ-PP-RTG-0001,PM01,Calibration,TECO,2023-12-26 22:03:37.795965,2023-12-27 05:22:45.608350,7.318836773661153,1088.1986228369333,NOTIF-000201,TECH-1259,Regular maintenance completed
WO-000202,EQ-PP-RTG-0001,PM03,Breakdown Fix,TECO,2024-01-19 22:03:37.795965,2024-01-20 09:56:05.746651,11.874430746044892,3554.586649429527,NOTIF-000202,TECH-6897,Regular maintenance completed
WO-000203,EQ-PP-RTG-0001,PM01,Component Check,TECO,2024-02-12 22:03:37.795965,2024-02-13 04:24:04.405839,6.34072496509007,955.0457556522135,NOTIF-000203,TECH-5654,Regular maintenance completed
WO-000204,EQ-PP-RTG-0001,PM01,Regular Service,TECO,2024-03-07 22:03:37.795965,2024-03-08 04:45:15.955681,6.69393325457097,1930.627142586047,NOTIF-000204,TECH-3713,Regular maintenance completed
WO-000205,EQ-PP-RTG-0001,PM01,Lubrication,TECO,2024-03-31 22:03:37.795965,2024-04-01 02:23:38.950679,4.333654087119754,778.4743117572448,NOTIF-000205,TECH-2879,Regular maintenance completed
WO-000206,EQ-PP-RTG-0001,PM01,Regular Service,TECO,2024-04-24 22:03:37.795965,2024-04-25 05:57:02.407342,7.890169826925006,1885.9087057113431,NOTIF-000206,TECH-6098,Regular maintenance completed
WO-000207,EQ-PP-RTG-0001,PM01,Component Check,TECO,2024-05-18 22:03:37.795965,2024-05-19 02:40:01.016843,4.60645024398794,1648.0263053622655,NOTIF-000207,TECH-9975,Regular maintenance completed
WO-000208,EQ-PP-RTG-0001,PM01,Lubrication,TECO,2024-06-11 22:03:37.795965,2024-06-12 02:46:36.088314,4.716192319255082,1574.9636519904623,NOTIF-000208,TECH-1966,Regular maintenance completed
WO-000209,EQ-PP-RTG-0001,PM01,Component Check,TECO,2024-07-05 22:03:37.795965,2024-07-06 00:37:49.703464,2.569974305226861,524.8795578706435,NOTIF-000209,TECH-4466,Regular maintenance completed
WO-000210,EQ-PP-RTG-0001,PM01,Component Check,TECO,2024-07-29 22:03:37.795965,2024-07-30 04:14:47.748621,6.1860979601359976,1543.6185388903555,NOTIF-000210,TECH-5268,Regular maintenance completed
WO-000211,EQ-PP-RTG-0001,PM01,Component Check,TECO,2024-08-22 22:03:37.795965,2024-08-23 02:47:13.760826,4.726656905791487,767.9918065291806,NOTIF-000211,TECH-1678,Regular maintenance completed
WO-000212,EQ-PP-RTG-0001,PM03,Emergency Repair,TECO,2024-09-02 22:03:37.795965,2024-09-03 09:06:15.010744,22.537026962740253,6048.206964973839,NOTIF-000212,TECH-8418,Unexpected breakdown - emergency repair required
WO-000213,EQ-PP-RTG-0001,PM03,Emergency Repair,TECO,2024-09-15 22:03:37.795965,2024-09-16 06:19:01.555387,8.256599839347352,4159.62664968651,NOTIF-000213,TECH-9353,Regular maintenance completed
WO-000214,EQ-PP-RTG-0001,PM01,Regular Service,TECO,2024-10-09 22:03:37.795965,2024-10-10 01:54:38.567487,3.8502143117163,1399.0382928729105,NOTIF-000214,TECH-8885,Regular maintenance completed
WO-000215,EQ-PP-RTG-0001,PM01,Regular Service,TECO,2024-11-02 22:03:37.795965,2024-11-03 04:50:15.835218,6.7772331259056315,613.6968863032016,NOTIF-000215,TECH-3385,Regular maintenance completed
WO-000216,EQ-PP-RTG-0001,PM01,Lubrication,TECO,2024-11-26 22:03:37.795965,2024-11-27 03:05:05.460732,5.024351324091156,1948.6528581816738,NOTIF-000216,TECH-9600,Regular maintenance completed
WO-000217,EQ-PP-RTG-0001,PM03,Emergency Repair,TECO,2024-12-20 22:03:37.795965,2024-12-21 19:08:04.177852,21.07399496850119,4548.453954578799,NOTIF-000217,TECH-6914,Regular maintenance completed
WO-000218,EQ-PP-RTG-0001,PM02,Component Replacement,TECO,2025-01-13 22:03:37.795965,2025-01-14 14:01:27.787189,15.963886451003315,2378.17032365902,NOTIF-000218,TECH-4240,Regular maintenance completed
WO-000219,EQ-PP-RTG-0001,PM01,Component Check,TECO,2025-02-06 22:03:37.795965,2025-02-07 00:11:27.794770,2.130555223590372,1539.1954507333007,NOTIF-000219,TECH-6881,Regular maintenance completed
WO-000220,EQ-PP-RTG-0001,PM03,Emergency Repair,TECO,2025-03-02 22:03:37.795965,2025-03-03 11:13:15.653556,13.160515997592281,3367.4178925550195,NOTIF-000220,TECH-6564,Regular maintenance completed
WO-000221,EQ-PP-RTG-0001,PM02,Repair,TECO,2025-03-26 22:03:37.795965,2025-03-27 19:18:25.962024,21.24671279429625,1561.6753425565716,NOTIF-000221,TECH-7771,Regular maintenance completed
WO-000222,EQ-PP-QC-0000,PM01,Calibration,TECO,2022-02-05 22:03:37.796114,2022-02-06 01:33:39.267137,3.5004086173709483,1766.9834244912736,NOTIF-000222,TECH-4649,Regular maintenance completed
WO-000223,EQ-PP-QC-0000,PM03,Emergency Repair,TECO,2022-02-19 22:03:37.796114,2022-02-20 16:19:01.750999,22.656917858981938,7512.217854955557,NOTIF-000223,TECH-5371,Unexpected breakdown - emergency repair required
WO-000224,EQ-PP-QC-0000,PM03,Emergency Repair,TECO,2022-03-10 22:03:37.796114,2022-03-11 04:04:18.873841,6.011410479786695,2235.4349488180314,NOTIF-000224,TECH-2163,Regular maintenance completed
WO-000225,EQ-PP-QC-0000,PM03,Breakdown Fix,TECO,2022-04-12 22:03:37.796114,2022-04-13 15:27:01.228094,17.389842216691804,3111.3769385586156,NOTIF-000225,TECH-3236,Regular maintenance completed
WO-000226,EQ-PP-QC-0000,PM03,Emergency Repair,TECO,2022-05-15 22:03:37.796114,2022-05-16 06:20:29.498417,8.281028417581211,1812.1386045599386,NOTIF-000226,TECH-5661,Regular maintenance completed
WO-000227,EQ-PP-QC-0000,PM02,Component Replacement,TECO,2022-06-17 22:03:37.796114,2022-06-18 16:53:56.437787,18.838511575712737,4366.804139656453,NOTIF-000227,TECH-8970,Regular maintenance completed
WO-000228,EQ-PP-QC-0000,PM01,Lubrication,TECO,2022-07-20 22:03:37.796114,2022-07-21 02:46:03.621310,4.707173665465889,743.3403632630577,NOTIF-000228,TECH-3654,Regular maintenance completed
WO-000229,EQ-PP-QC-0000,PM01,Calibration,TECO,2022-08-22 22:03:37.796114,2022-08-23 03:02:17.178348,4.977606176249576,529.0824271041214,NOTIF-000229,TECH-2039,Regular maintenance completed
WO-000230,EQ-PP-QC-0000,PM03,Breakdown Fix,TECO,2022-09-24 22:03:37.796114,2022-09-25 19:29:09.393065,21.42544359748025,1847.4264177172345,NOTIF-000230,TECH-8733,Regular maintenance completed
WO-000231,EQ-PP-QC-0000,PM01,Component Check,TECO,2022-10-27 22:03:37.796114,2022-10-28 03:00:45.947253,4.952264205383606,963.7412935558076,NOTIF-000231,TECH-8364,Regular maintenance completed
WO-000232,EQ-PP-QC-0000,PM02,Component Replacement,TECO,2022-11-29 22:03:37.796114,2022-11-30 09:00:54.214072,10.954560543973535,3891.531345676577,NOTIF-000232,TECH-3690,Regular maintenance completed
WO-000233,EQ-PP-QC-0000,PM03,Emergency Repair,TECO,2022-12-31 22:03:37.796114,2023-01-01 17:56:40.126135,9.757576653961472,4591.074308826718,NOTIF-000233,TECH-2935,Unexpected breakdown - emergency repair required
WO-000234,EQ-PP-QC-0000,PM01,Lubrication,TECO,2023-01-01 22:03:37.796114,2023-01-02 02:26:46.137620,4.385650418331197,1373.7749233549603,NOTIF-000234,TECH-1441,Regular maintenance completed
WO-000235,EQ-PP-QC-0000,PM01,Regular Service,TECO,2023-02-03 22:03:37.796114,2023-02-04 03:39:28.983422,5.5975520301250405,1556.9707130764018,NOTIF-000235,TECH-2125,Regular maintenance completed
WO-000236,EQ-PP-QC-0000,PM01,Lubrication,TECO,2023-03-08 22:03:37.796114,2023-03-09 03:22:22.294203,5.312360580354201,1318.3059814971457,NOTIF-000236,TECH-6818,Regular maintenance completed
WO-000237,EQ-PP-QC-0000,PM03,Breakdown Fix,TECO,2023-04-10 22:03:37.796114,2023-04-11 03:23:10.480383,5.325745630329065,4272.366120391354,NOTIF-000237,TECH-2609,Regular maintenance completed
WO-000238,EQ-PP-QC-0000,PM01,Component Check,TECO,2023-05-13 22:03:37.796114,2023-05-14 01:50:49.817878,3.7866727121544415,1842.709192496521,NOTIF-000238,TECH-5535,Regular maintenance completed
WO-000239,EQ-PP-QC-0000,PM01,Component Check,TECO,2023-06-15 22:03:37.796114,2023-06-16 04:11:50.997358,6.137000345545722,1126.3869830622032,NOTIF-000239,TECH-6230,Regular maintenance completed
WO-000240,EQ-PP-QC-0000,PM01,Lubrication,TECO,2023-07-18 22:03:37.796114,2023-07-19 05:18:17.594541,7.244388452068698,1669.4591374756271,NOTIF-000240,TECH-8871,Regular maintenance completed
WO-000241,EQ-PP-QC-0000,PM01,Regular Service,TECO,2023-08-20 22:03:37.796114,2023-08-21 03:15:38.611479,5.2002264901433835,835.7927918434609,NOTIF-000241,TECH-7375,Regular maintenance completed
WO-000242,EQ-PP-QC-0000,PM03,Emergency Repair,TECO,2023-08-30 22:03:37.796114,2023-08-31 17:26:24.703571,6.526466916113157,4221.415309217989,NOTIF-000242,TECH-6547,Unexpected breakdown - emergency repair required
WO-000243,EQ-PP-QC-0000,PM01,Component Check,TECO,2023-09-22 22:03:37.796114,2023-09-23 02:09:25.176738,4.096494617906474,1719.241333130343,NOTIF-000243,TECH-1306,Regular maintenance completed
WO-000244,EQ-PP-QC-0000,PM01,Component Check,TECO,2023-10-25 22:03:37.796114,2023-10-26 01:56:19.762069,3.8783238764669905,1676.5585391045238,NOTIF-000244,TECH-2441,Regular maintenance completed
WO-000245,EQ-PP-QC-0000,PM01,Lubrication,TECO,2023-11-27 22:03:37.796114,2023-11-28 02:17:28.786834,4.230830755496808,1989.8183497941086,NOTIF-000245,TECH-8404,Regular maintenance completed
WO-000246,EQ-PP-QC-0000,PM01,Component Check,TECO,2023-12-30 22:03:37.796114,2023-12-31 00:30:37.237133,2.4498447276181103,929.899450170431,NOTIF-000246,TECH-4459,Regular maintenance completed
WO-000247,EQ-PP-QC-0000,PM01,Lubrication,TECO,2024-02-01 22:03:37.796114,2024-02-02 03:05:07.785873,5.024997155380071,513.4410521407295,NOTIF-000247,TECH-2700,Regular maintenance completed
WO-000248,EQ-PP-QC-0000,PM03,Emergency Repair,TECO,2024-03-05 22:03:37.796114,2024-03-06 09:04:37.075777,11.016466573153215,3472.0332949457675,NOTIF-000248,TECH-8386,Regular maintenance completed
WO-000249,EQ-PP-QC-0000,PM03,Breakdown Fix,TECO,2024-04-07 22:03:37.796114,2024-04-08 03:56:27.343388,5.8804297983353635,3345.2813583677244,NOTIF-000249,TECH-5542,Regular maintenance completed
WO-000250,EQ-PP-QC-0000,PM03,Breakdown Fix,TECO,2024-05-10 22:03:37.796114,2024-05-11 17:52:22.311214,19.812365305510674,3531.9536415152074,NOTIF-000250,TECH-3277,Regular maintenance completed
WO-000251,EQ-PP-QC-0000,PM01,Regular Service,TECO,2024-06-12 22:03:37.796114,2024-06-13 04:45:16.358356,6.694045067351262,1253.8491304236422,NOTIF-000251,TECH-2428,Regular maintenance completed
WO-000252,EQ-PP-QC-0000,PM03,Emergency Repair,TECO,2024-07-15 22:03:37.796114,2024-07-16 15:36:35.944409,17.549485637416424,4281.5947855401655,NOTIF-000252,TECH-4301,Regular maintenance completed
WO-000253,EQ-PP-QC-0000,PM01,Regular Service,TECO,2024-08-17 22:03:37.796114,2024-08-18 02:21:38.720989,4.300256909681696,1065.7939915020681,NOTIF-000253,TECH-5938,Regular maintenance completed
WO-000254,EQ-PP-QC-0000,PM01,Calibration,TECO,2024-09-19 22:03:37.796114,2024-09-20 02:37:41.282671,4.567635154723592,1892.2964974577208,NOTIF-000254,TECH-8766,Regular maintenance completed
WO-000255,EQ-PP-QC-0000,PM01,Lubrication,TECO,2024-10-22 22:03:37.796114,2024-10-23 04:02:26.773966,5.980271625458222,1136.7419286121626,NOTIF-000255,TECH-6707,Regular maintenance completed
WO-000256,EQ-PP-QC-0000,PM03,Emergency Repair,TECO,2024-11-24 22:03:37.796114,2024-11-25 16:37:29.116605,18.564255692068144,3274.900047644491,NOTIF-000256,TECH-8011,Regular maintenance completed
WO-000257,EQ-PP-QC-0000,PM03,Emergency Repair,TECO,2024-12-17 22:03:37.796114,2024-12-18 04:40:54.701144,23.718083016171903,7831.759279795226,NOTIF-000257,TECH-4788,Unexpected breakdown - emergency repair required
WO-000258,EQ-PP-QC-0000,PM01,Calibration,TECO,2024-12-27 22:03:37.796114,2024-12-28 04:47:17.636564,6.72773345836109,1620.6733558369958,NOTIF-000258,TECH-5162,Regular maintenance completed
WO-000259,EQ-PP-QC-0000,PM01,Lubrication,TECO,2025-01-29 22:03:37.796114,2025-01-30 02:22:45.019819,4.318673251408957,1307.5798248770625,NOTIF-000259,TECH-1963,Regular maintenance completed
WO-000260,EQ-PP-QC-0000,PM01,Lubrication,TECO,2025-03-03 22:03:37.796114,2025-03-04 00:40:52.960806,2.620879081055408,1301.207086769444,NOTIF-000260,TECH-3329,Regular maintenance completed
WO-000261,EQ-PP-QC-0000,PM01,Component Check,TECO,2025-04-05 22:03:37.796114,2025-04-06 01:24:14.476376,3.3435222950845915,1947.8761692328019,NOTIF-000261,TECH-5385,Regular maintenance completed
WO-000262,EQ-PP-QC-0001,PM01,Regular Service,TECO,2022-12-19 22:03:37.796232,2022-12-20 02:40:42.484514,4.617968967205638,1371.6670167612456,NOTIF-000262,TECH-3055,Regular maintenance completed
WO-000263,EQ-PP-QC-0001,PM01,Component Check,TECO,2023-01-16 22:03:37.796232,2023-01-17 02:51:34.415733,4.799060972554744,1859.4525159487844,NOTIF-000263,TECH-4627,Regular maintenance completed
WO-000264,EQ-PP-QC-0001,PM01,Calibration,TECO,2023-02-13 22:03:37.796232,2023-02-14 04:06:45.256924,6.052072414387063,1697.7318936504241,NOTIF-000264,TECH-3131,Regular maintenance completed
WO-000265,EQ-PP-QC-0001,PM01,Regular Service,TECO,2023-03-13 22:03:37.796232,2023-03-14 00:49:49.496817,2.769916829269425,1840.375340795689,NOTIF-000265,TECH-3912,Regular maintenance completed
WO-000266,EQ-PP-QC-0001,PM03,Emergency Repair,TECO,2023-04-09 22:03:37.796232,2023-04-10 02:22:23.351951,4.049974553867749,2923.9453440637835,NOTIF-000266,TECH-1924,Unexpected breakdown - emergency repair required
WO-000267,EQ-PP-QC-0001,PM01,Calibration,TECO,2023-04-10 22:03:37.796232,2023-04-11 04:33:20.379314,6.495161967295672,541.9233048995548,NOTIF-000267,TECH-7972,Regular maintenance completed
WO-000268,EQ-PP-QC-0001,PM02,Repair,TECO,2023-05-08 22:03:37.796232,2023-05-09 16:49:10.472186,18.759076653812485,4412.580305811609,NOTIF-000268,TECH-1503,Regular maintenance completed
WO-000269,EQ-PP-QC-0001,PM01,Regular Service,TECO,2023-06-05 22:03:37.796232,2023-06-06 01:54:05.322499,3.840979518715393,1805.0242499630074,NOTIF-000269,TECH-6716,Regular maintenance completed
WO-000270,EQ-PP-QC-0001,PM02,Adjustment,TECO,2023-07-03 22:03:37.796232,2023-07-04 02:24:21.579147,4.345495254149101,2392.12794745585,NOTIF-000270,TECH-5707,Regular maintenance completed
WO-000271,EQ-PP-QC-0001,PM02,Component Replacement,TECO,2023-07-31 22:03:37.796232,2023-08-01 12:24:34.562990,14.349101877206031,1058.9253414663701,NOTIF-000271,TECH-3869,Regular maintenance completed
WO-000272,EQ-PP-QC-0001,PM01,Component Check,TECO,2023-08-28 22:03:37.796232,2023-08-29 00:04:10.089663,2.0089703975140853,1106.2220680291266,NOTIF-000272,TECH-2178,Regular maintenance completed
WO-000273,EQ-PP-QC-0001,PM01,Regular Service,TECO,2023-09-25 22:03:37.796232,2023-09-26 01:35:23.573645,3.529382614588076,1070.3013594539186,NOTIF-000273,TECH-8858,Regular maintenance completed
WO-000274,EQ-PP-QC-0001,PM01,Lubrication,TECO,2023-10-23 22:03:37.796232,2023-10-24 04:19:10.023496,6.258952017860736,1885.2882736011475,NOTIF-000274,TECH-3167,Regular maintenance completed
WO-000275,EQ-PP-QC-0001,PM01,Lubrication,TECO,2023-11-20 22:03:37.796232,2023-11-21 01:08:51.748616,3.08720899554125,1365.937182797368,NOTIF-000275,TECH-5686,Regular maintenance completed
WO-000276,EQ-PP-QC-0001,PM01,Component Check,TECO,2023-12-18 22:03:37.796232,2023-12-19 00:41:34.267438,2.632353112800036,991.8899505764612,NOTIF-000276,TECH-6950,Regular maintenance completed
WO-000277,EQ-PP-QC-0001,PM01,Regular Service,TECO,2024-01-15 22:03:37.796232,2024-01-16 04:32:21.155034,6.478710778434809,809.2907232488357,NOTIF-000277,TECH-9219,Regular maintenance completed
WO-000278,EQ-PP-QC-0001,PM01,Lubrication,TECO,2024-02-12 22:03:37.796232,2024-02-13 01:17:22.779639,3.229162057421413,514.2164056802162,NOTIF-000278,TECH-6707,Regular maintenance completed
WO-000279,EQ-PP-QC-0001,PM01,Calibration,TECO,2024-03-11 22:03:37.796232,2024-03-12 01:40:50.082394,3.620079489542419,500.2702073046672,NOTIF-000279,TECH-2237,Regular maintenance completed
WO-000280,EQ-PP-QC-0001,PM01,Regular Service,TECO,2024-04-08 22:03:37.796232,2024-04-09 00:30:42.130700,2.451204018955824,949.5625305898466,NOTIF-000280,TECH-6206,Regular maintenance completed
WO-000281,EQ-PP-QC-0001,PM01,Component Check,TECO,2024-05-06 22:03:37.796232,2024-05-07 05:22:16.186255,7.310663895216663,1672.6398699027045,NOTIF-000281,TECH-6353,Regular maintenance completed
WO-000282,EQ-PP-QC-0001,PM01,Calibration,TECO,2024-06-03 22:03:37.796232,2024-06-04 03:22:06.087261,5.307858619072698,957.5652008835209,NOTIF-000282,TECH-3450,Regular maintenance completed
WO-000283,EQ-PP-QC-0001,PM01,Calibration,TECO,2024-07-01 22:03:37.796232,2024-07-02 02:32:39.859499,4.483906463029803,1038.5141309002133,NOTIF-000283,TECH-4933,Regular maintenance completed
WO-000284,EQ-PP-QC-0001,PM01,Regular Service,TECO,2024-07-29 22:03:37.796232,2024-07-30 01:24:17.919002,3.3444785473185608,1447.391648964563,NOTIF-000284,TECH-9554,Regular maintenance completed
WO-000285,EQ-PP-QC-0001,PM03,Emergency Repair,TECO,2024-08-26 22:03:37.796232,2024-08-27 04:36:11.655924,6.542738803384859,2398.315790283931,NOTIF-000285,TECH-1661,Regular maintenance completed
WO-000286,EQ-PP-QC-0001,PM01,Calibration,TECO,2024-09-23 22:03:37.796232,2024-09-24 00:10:41.104727,2.117585693101554,1426.3148836622322,NOTIF-000286,TECH-9468,Regular maintenance completed
WO-000287,EQ-PP-QC-0001,PM03,Breakdown Fix,TECO,2024-10-21 22:03:37.796232,2024-10-22 11:57:31.119670,13.898145399520645,3294.0599123698503,NOTIF-000287,TECH-8065,Regular maintenance completed
WO-000288,EQ-PP-QC-0001,PM02,Adjustment,TECO,2024-11-18 22:03:37.796232,2024-11-19 15:23:59.894184,17.339471653246083,2963.4717044342783,NOTIF-000288,TECH-3634,Regular maintenance completed
WO-000289,EQ-PP-QC-0001,PM01,Component Check,TECO,2024-12-16 22:03:37.796232,2024-12-17 00:08:01.147349,2.0731530880001356,1896.0869437466506,NOTIF-000289,TECH-3160,Regular maintenance completed
WO-000290,EQ-PP-QC-0001,PM01,Component Check,TECO,2025-01-13 22:03:37.796232,2025-01-14 02:52:13.382381,4.80988504150381,1477.0057024923597,NOTIF-000290,TECH-6121,Regular maintenance completed
WO-000291,EQ-PP-QC-0001,PM01,Regular Service,TECO,2025-02-10 22:03:37.796232,2025-02-11 04:35:07.399432,6.524889777778812,1818.1836199452473,NOTIF-000291,TECH-7848,Regular maintenance completed
WO-000292,EQ-PP-QC-0001,PM01,Calibration,TECO,2025-03-10 22:03:37.796232,2025-03-11 03:07:41.615285,5.067727514664318,971.3947601227686,NOTIF-000292,TECH-9072,Regular maintenance completed
WO-000293,EQ-PP-QC-0001,PM01,Component Check,TECO,2025-04-07 22:03:37.796232,2025-04-08 05:42:32.380543,7.648495641922892,1070.8877799514194,NOTIF-000293,TECH-2316,Regular maintenance completed
WO-000294,EQ-PP-RS-0000,PM01,Lubrication,TECO,2022-07-09 22:03:37.796452,2022-07-10 05:21:01.339580,7.289873091184918,1936.165912212005,NOTIF-000294,TECH-6714,Regular maintenance completed
WO-000295,EQ-PP-RS-0000,PM01,Component Check,TECO,2022-08-17 22:03:37.796452,2022-08-18 03:00:49.456935,4.953239022981581,539.8011961850923,NOTIF-000295,TECH-6348,Regular maintenance completed
WO-000296,EQ-PP-RS-0000,PM01,Regular Service,TECO,2022-09-25 22:03:37.796452,2022-09-26 00:07:21.101670,2.0620292273128893,1486.7556573740012,NOTIF-000296,TECH-8213,Regular maintenance completed
WO-000297,EQ-PP-RS-0000,PM03,Emergency Repair,TECO,2022-10-06 22:03:37.796452,2022-10-07 03:03:11.236548,11.704895132676127,7522.394084222655,NOTIF-000297,TECH-2032,Unexpected breakdown - emergency repair required
WO-000298,EQ-PP-RS-0000,PM03,Emergency Repair,TECO,2022-11-03 22:03:37.796452,2022-11-04 08:03:37.999899,10.000056513090847,2815.7019704660206,NOTIF-000298,TECH-2751,Regular maintenance completed
WO-000299,EQ-PP-RS-0000,PM01,Calibration,TECO,2022-12-12 22:03:37.796452,2022-12-13 00:51:32.864485,2.7986300090545493,832.5093630771305,NOTIF-000299,TECH-9878,Regular maintenance completed
WO-000300,EQ-PP-RS-0000,PM03,Emergency Repair,TECO,2023-01-20 22:03:37.796452,2023-01-21 11:47:14.006683,13.726725064092436,2285.543641530664,NOTIF-000300,TECH-4127,Regular maintenance completed
WO-000301,EQ-PP-RS-0000,PM01,Calibration,TECO,2023-02-28 22:03:37.796452,2023-03-01 02:35:49.509869,4.53658706037489,1475.2741982445182,NOTIF-000301,TECH-8855,Regular maintenance completed
WO-000302,EQ-PP-RS-0000,PM01,Lubrication,TECO,2023-04-08 22:03:37.796452,2023-04-09 03:08:57.677065,5.0888557259190295,934.1221935101366,NOTIF-000302,TECH-2694,Regular maintenance completed
WO-000303,EQ-PP-RS-0000,PM01,Component Check,TECO,2023-05-17 22:03:37.796452,2023-05-18 00:19:24.762147,2.2630460263903025,978.2631525912966,NOTIF-000303,TECH-5324,Regular maintenance completed
WO-000304,EQ-PP-RS-0000,PM02,Repair,TECO,2023-06-25 22:03:37.796452,2023-06-26 07:39:23.586402,9.596052763760158,3826.2000710758725,NOTIF-000304,TECH-4774,Regular maintenance completed
WO-000305,EQ-PP-RS-0000,PM01,Calibration,TECO,2023-08-03 22:03:37.796452,2023-08-04 00:17:22.936809,2.2292056547999457,1619.5556134705384,NOTIF-000305,TECH-7956,Regular maintenance completed
WO-000306,EQ-PP-RS-0000,PM01,Regular Service,TECO,2023-09-11 22:03:37.796452,2023-09-12 02:04:44.597435,4.018555828639654,1051.8728537762217,NOTIF-000306,TECH-6717,Regular maintenance completed
WO-000307,EQ-PP-RS-0000,PM01,Regular Service,TECO,2023-10-20 22:03:37.796452,2023-10-21 01:06:12.024378,3.042841090497612,661.0718766745803,NOTIF-000307,TECH-4718,Regular maintenance completed
WO-000308,EQ-PP-RS-0000,PM01,Lubrication,TECO,2023-11-28 22:03:37.796452,2023-11-29 00:15:31.993396,2.1983880399879907,754.7362116826515,NOTIF-000308,TECH-8236,Regular maintenance completed
WO-000309,EQ-PP-RS-0000,PM01,Calibration,TECO,2024-01-06 22:03:37.796452,2024-01-07 05:27:23.119079,7.39592295198071,1370.2677652525558,NOTIF-000309,TECH-5460,Regular maintenance completed
WO-000310,EQ-PP-RS-0000,PM01,Calibration,TECO,2024-02-14 22:03:37.796452,2024-02-15 01:14:25.776360,3.1799944187714937,871.2504322449008,NOTIF-000310,TECH-5415,Regular maintenance completed
WO-000311,EQ-PP-RS-0000,PM02,Repair,TECO,2024-03-24 22:03:37.796452,2024-03-25 03:31:11.895339,5.4594719129382945,2702.0832642364735,NOTIF-000311,TECH-9183,Regular maintenance completed
WO-000312,EQ-PP-RS-0000,PM01,Component Check,TECO,2024-05-02 22:03:37.796452,2024-05-03 01:03:39.746080,3.000541563299164,592.0874518377194,NOTIF-000312,TECH-4554,Regular maintenance completed
WO-000313,EQ-PP-RS-0000,PM01,Lubrication,TECO,2024-06-10 22:03:37.796452,2024-06-11 03:43:37.872365,5.6666877535983575,1387.1834412925978,NOTIF-000313,TECH-3217,Regular maintenance completed
WO-000314,EQ-PP-RS-0000,PM01,Lubrication,TECO,2024-07-19 22:03:37.796452,2024-07-20 02:07:47.102738,4.069251746009996,1382.7799216924816,NOTIF-000314,TECH-5711,Regular maintenance completed
WO-000315,EQ-PP-RS-0000,PM01,Regular Service,TECO,2024-08-27 22:03:37.796452,2024-08-28 01:14:15.316971,3.177089032994442,1673.7835021241572,NOTIF-000315,TECH-1492,Regular maintenance completed
WO-000316,EQ-PP-RS-0000,PM03,Emergency Repair,TECO,2024-08-29 22:03:37.796452,2024-08-30 16:29:20.040852,7.221628196170235,7361.0402547498925,NOTIF-000316,TECH-1802,Unexpected breakdown - emergency repair required
WO-000317,EQ-PP-RS-0000,PM01,Regular Service,TECO,2024-10-05 22:03:37.796452,2024-10-06 02:14:25.814094,4.180004900465564,1722.0644952115213,NOTIF-000317,TECH-9770,Regular maintenance completed
WO-000318,EQ-PP-RS-0000,PM01,Calibration,TECO,2024-11-13 22:03:37.796452,2024-11-14 05:56:44.344327,7.885152187442967,547.0972521792881,NOTIF-000318,TECH-1567,Regular maintenance completed
WO-000319,EQ-PP-RS-0000,PM03,Emergency Repair,TECO,2024-11-28 22:03:37.796452,2024-11-29 14:53:19.352248,14.612896563603645,5431.413776558942,NOTIF-000319,TECH-3541,Unexpected breakdown - emergency repair required
WO-000320,EQ-PP-RS-0000,PM02,Repair,TECO,2024-12-22 22:03:37.796452,2024-12-23 09:07:06.751265,11.05804300369964,3336.8648068660787,NOTIF-000320,TECH-1506,Regular maintenance completed
WO-000321,EQ-PP-RS-0000,PM01,Calibration,TECO,2025-01-30 22:03:37.796452,2025-01-31 02:33:17.284520,4.494302241088119,1011.5784168690893,NOTIF-000321,TECH-2904,Regular maintenance completed
WO-000322,EQ-PP-RS-0000,PM02,Repair,TECO,2025-03-10 22:03:37.796452,2025-03-11 05:43:04.230767,7.657342865334668,1450.9919157467998,NOTIF-000322,TECH-6792,Regular maintenance completed
WO-000323,EQ-PP-RS-0001,PM01,Component Check,TECO,2023-09-30 22:03:37.796991,2023-10-01 01:28:18.980906,3.4114399764637304,803.833396852614,NOTIF-000323,TECH-7482,Regular maintenance completed
WO-000324,EQ-PP-RS-0001,PM01,Component Check,TECO,2023-11-07 22:03:37.796991,2023-11-08 04:29:39.986418,6.433941507635554,1220.0820306694336,NOTIF-000324,TECH-4497,Regular maintenance completed
WO-000325,EQ-PP-RS-0001,PM02,Repair,TECO,2023-12-15 22:03:37.796991,2023-12-16 04:27:49.653661,6.403293519436575,2175.904459724422,NOTIF-000325,TECH-4996,Regular maintenance completed
WO-000326,EQ-PP-RS-0001,PM01,Calibration,TECO,2024-01-22 22:03:37.796991,2024-01-23 02:20:06.440019,4.274623063291757,1306.782590708814,NOTIF-000326,TECH-9292,Regular maintenance completed
WO-000327,EQ-PP-RS-0001,PM01,Regular Service,TECO,2024-02-29 22:03:37.796991,2024-03-01 02:15:52.629474,4.204120134056572,693.8042651173264,NOTIF-000327,TECH-5241,Regular maintenance completed
WO-000328,EQ-PP-RS-0001,PM03,Emergency Repair,TECO,2024-04-07 22:03:37.796991,2024-04-08 19:09:16.747179,21.0941528300838,4915.897315033731,NOTIF-000328,TECH-8157,Regular maintenance completed
WO-000329,EQ-PP-RS-0001,PM03,Emergency Repair,TECO,2024-05-15 22:03:37.796991,2024-05-16 17:30:55.369457,19.4548812406803,1812.784834946733,NOTIF-000329,TECH-5682,Regular maintenance completed
WO-000330,EQ-PP-RS-0001,PM01,Component Check,TECO,2024-06-22 22:03:37.796991,2024-06-23 06:00:11.190481,7.942609302697879,621.5446995828102,NOTIF-000330,TECH-3051,Regular maintenance completed
WO-000331,EQ-PP-RS-0001,PM01,Lubrication,TECO,2024-07-30 22:03:37.796991,2024-07-31 01:45:17.312125,3.6943097594776932,1049.60269585457,NOTIF-000331,TECH-6953,Regular maintenance completed
WO-000332,EQ-PP-RS-0001,PM01,Regular Service,TECO,2024-09-06 22:03:37.796991,2024-09-07 03:59:36.099520,5.932861813682247,1093.636445097758,NOTIF-000332,TECH-8357,Regular maintenance completed
WO-000333,EQ-PP-RS-0001,PM01,Regular Service,TECO,2024-10-14 22:03:37.796991,2024-10-15 03:33:59.584237,5.506052012901096,961.9159969053874,NOTIF-000333,TECH-2386,Regular maintenance completed
WO-000334,EQ-PP-RS-0001,PM02,Component Replacement,TECO,2024-11-21 22:03:37.796991,2024-11-22 16:40:30.515901,18.614644141759648,3161.2916460857073,NOTIF-000334,TECH-4057,Regular maintenance completed
WO-000335,EQ-PP-RS-0001,PM03,Emergency Repair,TECO,2024-12-29 22:03:37.796991,2024-12-30 15:30:07.551212,17.441598394629832,3648.58564472511,NOTIF-000335,TECH-1498,Regular maintenance completed
WO-000336,EQ-PP-RS-0001,PM01,Component Check,TECO,2025-02-05 22:03:37.796991,2025-02-06 00:36:39.214926,2.5503938707735276,647.1561416615269,NOTIF-000336,TECH-5879,Regular maintenance completed
WO-000337,EQ-PP-RS-0001,PM03,Emergency Repair,TECO,2025-02-23 22:03:37.796991,2025-02-24 04:25:48.297623,21.703307412828778,7817.560610924916,NOTIF-000337,TECH-4647,Unexpected breakdown - emergency repair required
WO-000338,EQ-PP-RS-0001,PM03,Breakdown Fix,TECO,2025-03-15 22:03:37.796991,2025-03-16 04:37:38.800157,6.566945323846099,4671.894549595062,NOTIF-000338,TECH-6800,Regular maintenance completed
WO-000339,EQ-PP-TT-0000,PM03,Emergency Repair,TECO,2021-06-02 22:03:37.797137,2021-06-03 04:42:24.089740,6.646192389630615,1514.4106865583985,NOTIF-000339,TECH-2959,Regular maintenance completed
WO-000340,EQ-PP-TT-0000,PM01,Lubrication,TECO,2021-06-26 22:03:37.797137,2021-06-27 05:27:29.514544,7.3976992796222,1578.628958357142,NOTIF-000340,TECH-5136,Regular maintenance completed
WO-000341,EQ-PP-TT-0000,PM03,Emergency Repair,TECO,2021-07-16 22:03:37.797137,2021-07-17 15:14:55.775062,20.6121088142793,6542.869295465563,NOTIF-000341,TECH-8979,Unexpected breakdown - emergency repair required
WO-000342,EQ-PP-TT-0000,PM01,Component Check,TECO,2021-07-20 22:03:37.797137,2021-07-21 06:02:23.088618,7.979247633487278,1140.3180167916307,NOTIF-000342,TECH-4687,Regular maintenance completed
WO-000343,EQ-PP-TT-0000,PM03,Emergency Repair,TECO,2021-08-06 22:03:37.797137,2021-08-07 18:28:27.001721,9.025183407561464,5132.885964661871,NOTIF-000343,TECH-2378,Unexpected breakdown - emergency repair required
WO-000344,EQ-PP-TT-0000,PM01,Component Check,TECO,2021-08-13 22:03:37.797137,2021-08-14 06:01:55.958571,7.971711509325205,665.9653821502973,NOTIF-000344,TECH-6536,Regular maintenance completed
WO-000345,EQ-PP-TT-0000,PM02,Repair,TECO,2021-09-06 22:03:37.797137,2021-09-07 02:18:11.778154,4.242772504624805,1535.8518480974913,NOTIF-000345,TECH-6332,Regular maintenance completed
WO-000346,EQ-PP-TT-0000,PM01,Calibration,TECO,2021-09-30 22:03:37.797137,2021-10-01 04:53:10.397328,6.82572227520637,785.7544164668183,NOTIF-000346,TECH-3305,Regular maintenance completed
WO-000347,EQ-PP-TT-0000,PM01,Component Check,TECO,2021-10-24 22:03:37.797137,2021-10-25 00:46:18.098175,2.711194732823368,1129.0879250705566,NOTIF-000347,TECH-3299,Regular maintenance completed
WO-000348,EQ-PP-TT-0000,PM01,Lubrication,TECO,2021-11-17 22:03:37.797137,2021-11-18 01:09:29.165928,3.097602441933641,545.3484984559868,NOTIF-000348,TECH-9103,Regular maintenance completed
WO-000349,EQ-PP-TT-0000,PM01,Regular Service,TECO,2021-12-11 22:03:37.797137,2021-12-12 00:59:42.614605,2.9346715189842927,856.9891314514307,NOTIF-000349,TECH-4988,Regular maintenance completed
WO-000350,EQ-PP-TT-0000,PM01,Regular Service,TECO,2022-01-04 22:03:37.797137,2022-01-05 01:17:58.731329,3.2391483866407293,632.3058577401462,NOTIF-000350,TECH-8005,Regular maintenance completed
WO-000351,EQ-PP-TT-0000,PM03,Emergency Repair,TECO,2022-01-24 22:03:37.797137,2022-01-25 13:33:37.416641,4.324415855348745,4930.951851800058,NOTIF-000351,TECH-6880,Unexpected breakdown - emergency repair required
WO-000352,EQ-PP-TT-0000,PM01,Lubrication,TECO,2022-01-28 22:03:37.797137,2022-01-29 02:41:50.707278,4.636919483553351,1079.9086274463361,NOTIF-000352,TECH-1541,Regular maintenance completed
WO-000353,EQ-PP-TT-0000,PM01,Lubrication,TECO,2022-02-21 22:03:37.797137,2022-02-22 03:54:46.689113,5.852469993211688,1855.2633917204726,NOTIF-000353,TECH-7756,Regular maintenance completed
WO-000354,EQ-PP-TT-0000,PM01,Component Check,TECO,2022-03-17 22:03:37.797137,2022-03-18 04:52:05.163403,6.807601740664735,688.4575032971643,NOTIF-000354,TECH-4879,Regular maintenance completed
WO-000355,EQ-PP-TT-0000,PM01,Lubrication,TECO,2022-04-10 22:03:37.797137,2022-04-11 02:10:01.978919,4.1067171615396525,1093.614926928952,NOTIF-000355,TECH-3940,Regular maintenance completed
WO-000356,EQ-PP-TT-0000,PM03,Emergency Repair,TECO,2022-04-15 22:03:37.797137,2022-04-16 19:35:24.690733,16.46135918553167,4857.621458728037,NOTIF-000356,TECH-2740,Unexpected breakdown - emergency repair required
WO-000357,EQ-PP-TT-0000,PM03,Breakdown Fix,TECO,2022-05-04 22:03:37.797137,2022-05-05 15:52:48.729432,17.819703415310627,2144.563121137275,NOTIF-000357,TECH-9597,Regular maintenance completed
WO-000358,EQ-PP-TT-0000,PM01,Calibration,TECO,2022-05-28 22:03:37.797137,2022-05-29 03:02:42.385223,4.98460780160101,1426.064576374577,NOTIF-000358,TECH-1138,Regular maintenance completed
WO-000359,EQ-PP-TT-0000,PM01,Calibration,TECO,2022-06-21 22:03:37.797137,2022-06-22 05:21:47.483797,7.302690738815011,1014.9203676898018,NOTIF-000359,TECH-5818,Regular maintenance completed
WO-000360,EQ-PP-TT-0000,PM01,Regular Service,TECO,2022-07-15 22:03:37.797137,2022-07-16 00:17:45.191409,2.2353872976697113,687.3943285367318,NOTIF-000360,TECH-8952,Regular maintenance completed
WO-000361,EQ-PP-TT-0000,PM01,Component Check,TECO,2022-08-08 22:03:37.797137,2022-08-09 01:05:59.011738,3.039226278068023,756.1808983651226,NOTIF-000361,TECH-3501,Regular maintenance completed
WO-000362,EQ-PP-TT-0000,PM01,Regular Service,TECO,2022-09-01 22:03:37.797137,2022-09-02 04:08:17.920175,6.077811954982139,952.3206300905397,NOTIF-000362,TECH-9481,Regular maintenance completed
WO-000363,EQ-PP-TT-0000,PM01,Component Check,TECO,2022-09-25 22:03:37.797137,2022-09-26 02:09:37.681681,4.09996792880567,568.1123923017606,NOTIF-000363,TECH-8269,Regular maintenance completed
WO-000364,EQ-PP-TT-0000,PM03,Emergency Repair,TECO,2022-10-05 22:03:37.797137,2022-10-06 18:32:15.899893,14.08791605081397,4235.355127057541,NOTIF-000364,TECH-1608,Unexpected breakdown - emergency repair required
WO-000365,EQ-PP-TT-0000,PM01,Regular Service,TECO,2022-10-19 22:03:37.797137,2022-10-20 02:14:21.531678,4.178815150235256,1925.0678040358248,NOTIF-000365,TECH-2052,Regular maintenance completed
WO-000366,EQ-PP-TT-0000,PM03,Emergency Repair,TECO,2022-11-10 22:03:37.797137,2022-11-11 07:11:45.289511,5.909277095024262,7650.958535172692,NOTIF-000366,TECH-5927,Unexpected breakdown - emergency repair required
WO-000367,EQ-PP-TT-0000,PM03,Emergency Repair,TECO,2022-11-12 22:03:37.797137,2022-11-13 17:09:29.156184,19.09759973526119,3616.8278974590585,NOTIF-000367,TECH-4351,Regular maintenance completed
WO-000368,EQ-PP-TT-0000,PM01,Calibration,TECO,2022-12-06 22:03:37.797137,2022-12-07 00:40:23.649006,2.612736630315405,1127.778334563764,NOTIF-000368,TECH-7551,Regular maintenance completed
WO-000369,EQ-PP-TT-0000,PM01,Regular Service,TECO,2022-12-30 22:03:37.797137,2022-12-31 03:57:32.444349,5.898513114326935,1840.1270217726037,NOTIF-000369,TECH-8671,Regular maintenance completed
WO-000370,EQ-PP-TT-0000,PM01,Lubrication,TECO,2023-01-23 22:03:37.797137,2023-01-24 03:02:02.935909,4.973649658976378,1856.1070395448648,NOTIF-000370,TECH-5504,Regular maintenance completed
WO-000371,EQ-PP-TT-0000,PM03,Breakdown Fix,TECO,2023-02-16 22:03:37.797137,2023-02-17 21:52:10.631288,23.809120597429764,2564.2342324290285,NOTIF-000371,TECH-2829,Regular maintenance completed
WO-000372,EQ-PP-TT-0000,PM01,Calibration,TECO,2023-03-12 22:03:37.797137,2023-03-13 01:01:06.581208,2.9579955752608695,1030.6631138959056,NOTIF-000372,TECH-1231,Regular maintenance completed
WO-000373,EQ-PP-TT-0000,PM01,Lubrication,TECO,2023-04-05 22:03:37.797137,2023-04-06 05:57:47.740283,7.90276198502674,730.0654641225802,NOTIF-000373,TECH-5347,Regular maintenance completed
WO-000374,EQ-PP-TT-0000,PM01,Calibration,TECO,2023-04-29 22:03:37.797137,2023-04-30 05:45:50.414393,7.703504793462659,1664.6467283885515,NOTIF-000374,TECH-6016,Regular maintenance completed
WO-000375,EQ-PP-TT-0000,PM02,Adjustment,TECO,2023-05-23 22:03:37.797137,2023-05-24 02:35:31.087942,4.531469668171822,2420.0987190702126,NOTIF-000375,TECH-7012,Regular maintenance completed
WO-000376,EQ-PP-TT-0000,PM03,Emergency Repair,TECO,2023-05-30 22:03:37.797137,2023-05-31 04:19:30.360882,11.29074658436869,6352.968602406666,NOTIF-000376,TECH-2911,Unexpected breakdown - emergency repair required
WO-000377,EQ-PP-TT-0000,PM01,Calibration,TECO,2023-06-16 22:03:37.797137,2023-06-17 03:39:47.013861,5.602560201089679,1810.7478221437107,NOTIF-000377,TECH-7177,Regular maintenance completed
WO-000378,EQ-PP-TT-0000,PM03,Breakdown Fix,TECO,2023-07-10 22:03:37.797137,2023-07-11 07:47:53.016907,9.737561047303267,2139.835564168187,NOTIF-000378,TECH-7374,Regular maintenance completed
WO-000379,EQ-PP-TT-0000,PM01,Component Check,TECO,2023-08-03 22:03:37.797137,2023-08-04 01:56:35.970214,3.882825854694534,768.9289369952401,NOTIF-000379,TECH-3041,Regular maintenance completed
WO-000380,EQ-PP-TT-0000,PM01,Component Check,TECO,2023-08-27 22:03:37.797137,2023-08-28 05:38:29.003031,7.580890526074647,1493.1351043083955,NOTIF-000380,TECH-4353,Regular maintenance completed
WO-000381,EQ-PP-TT-0000,PM01,Calibration,TECO,2023-09-20 22:03:37.797137,2023-09-21 03:49:19.245408,5.761513408598335,1676.8816660416446,NOTIF-000381,TECH-1704,Regular maintenance completed
WO-000382,EQ-PP-TT-0000,PM03,Breakdown Fix,TECO,2023-10-14 22:03:37.797137,2023-10-15 08:43:43.507908,10.668252992027481,4241.861376931374,NOTIF-000382,TECH-8565,Regular maintenance completed
WO-000383,EQ-PP-TT-0000,PM03,Emergency Repair,TECO,2023-11-06 22:03:37.797137,2023-11-07 21:02:43.872613,9.867050689014839,7988.40423086032,NOTIF-000383,TECH-6428,Unexpected breakdown - emergency repair required
WO-000384,EQ-PP-TT-0000,PM01,Component Check,TECO,2023-11-07 22:03:37.797137,2023-11-08 03:35:11.697844,5.526083529629417,947.8478466987488,NOTIF-000384,TECH-4281,Regular maintenance completed
WO-000385,EQ-PP-TT-0000,PM02,Adjustment,TECO,2023-12-01 22:03:37.797137,2023-12-02 20:47:27.222389,22.730395903415538,2532.540285915182,NOTIF-000385,TECH-5794,Regular maintenance completed
WO-000386,EQ-PP-TT-0000,PM01,Calibration,TECO,2023-12-25 22:03:37.797137,2023-12-26 00:34:51.678821,2.5205226899705098,1982.1386376403254,NOTIF-000386,TECH-2137,Regular maintenance completed
WO-000387,EQ-PP-TT-0000,PM01,Lubrication,TECO,2024-01-18 22:03:37.797137,2024-01-19 00:11:19.115503,2.1281439904886845,1131.4026706918833,NOTIF-000387,TECH-2963,Regular maintenance completed
WO-000388,EQ-PP-TT-0000,PM01,Calibration,TECO,2024-02-11 22:03:37.797137,2024-02-12 04:36:21.162597,6.5453792944591935,1659.7714776750877,NOTIF-000388,TECH-4219,Regular maintenance completed
WO-000389,EQ-PP-TT-0000,PM03,Breakdown Fix,TECO,2024-03-06 22:03:37.797137,2024-03-07 17:55:50.552394,19.870209793710814,2828.829607795681,NOTIF-000389,TECH-3386,Regular maintenance completed
WO-000390,EQ-PP-TT-0000,PM01,Component Check,TECO,2024-03-30 22:03:37.797137,2024-03-31 01:07:43.148938,3.0681532779826775,1923.8658783393598,NOTIF-000390,TECH-7648,Regular maintenance completed
WO-000391,EQ-PP-TT-0000,PM01,Component Check,TECO,2024-04-23 22:03:37.797137,2024-04-24 00:09:28.622996,2.097451627433102,893.1035750162216,NOTIF-000391,TECH-8961,Regular maintenance completed
WO-000392,EQ-PP-TT-0000,PM01,Regular Service,TECO,2024-05-17 22:03:37.797137,2024-05-18 05:21:57.233328,7.305398941848984,1635.4233346420067,NOTIF-000392,TECH-8132,Regular maintenance completed
WO-000393,EQ-PP-TT-0000,PM01,Regular Service,TECO,2024-06-10 22:03:37.797137,2024-06-11 04:34:21.105530,6.512030109089606,909.839737070039,NOTIF-000393,TECH-2502,Regular maintenance completed
WO-000394,EQ-PP-TT-0000,PM01,Regular Service,TECO,2024-07-04 22:03:37.797137,2024-07-05 03:31:35.727823,5.466091857193928,968.7456054617562,NOTIF-000394,TECH-2670,Regular maintenance completed
WO-000395,EQ-PP-TT-0000,PM01,Calibration,TECO,2024-07-28 22:03:37.797137,2024-07-29 01:56:42.191096,3.884553877420285,859.1475634164758,NOTIF-000395,TECH-5814,Regular maintenance completed
WO-000396,EQ-PP-TT-0000,PM03,Emergency Repair,TECO,2024-08-15 22:03:37.797137,2024-08-16 07:09:42.210830,8.481010846238323,2576.334931395234,NOTIF-000396,TECH-8306,Unexpected breakdown - emergency repair required
WO-000397,EQ-PP-TT-0000,PM01,Component Check,TECO,2024-08-21 22:03:37.797137,2024-08-22 03:58:55.392119,5.921554161620247,510.66163482284384,NOTIF-000397,TECH-8936,Regular maintenance completed
WO-000398,EQ-PP-TT-0000,PM01,Calibration,TECO,2024-09-14 22:03:37.797137,2024-09-15 05:27:01.375073,7.3898827601336645,813.722319304627,NOTIF-000398,TECH-2315,Regular maintenance completed
WO-000399,EQ-PP-TT-0000,PM01,Lubrication,TECO,2024-10-08 22:03:37.797137,2024-10-09 01:01:30.609150,2.9646700035244162,544.4222231700084,NOTIF-000399,TECH-8283,Regular maintenance completed
WO-000400,EQ-PP-TT-0000,PM01,Component Check,TECO,2024-11-01 22:03:37.797137,2024-11-02 00:17:12.904851,2.2264188093748687,1586.5845521483948,NOTIF-000400,TECH-3393,Regular maintenance completed
WO-000401,EQ-PP-TT-0000,PM01,Component Check,TECO,2024-11-25 22:03:37.797137,2024-11-26 02:36:45.648909,4.552181047803869,1706.820704684308,NOTIF-000401,TECH-5444,Regular maintenance completed
WO-000402,EQ-PP-TT-0000,PM01,Calibration,TECO,2024-12-19 22:03:37.797137,2024-12-20 03:49:07.613212,5.758282243058134,530.3908857714057,NOTIF-000402,TECH-6393,Regular maintenance completed
WO-000403,EQ-PP-TT-0000,PM01,Calibration,TECO,2025-01-12 22:03:37.797137,2025-01-13 01:44:37.873666,3.6833545914570722,867.5346534807463,NOTIF-000403,TECH-2362,Regular maintenance completed
WO-000404,EQ-PP-TT-0000,PM01,Lubrication,TECO,2025-02-05 22:03:37.797137,2025-02-06 03:30:33.322739,5.448757111607767,1287.1270493322268,NOTIF-000404,TECH-5787,Regular maintenance completed
WO-000405,EQ-PP-TT-0000,PM01,Lubrication,TECO,2025-03-01 22:03:37.797137,2025-03-02 03:29:15.839106,5.427233880401574,1161.5967967102333,NOTIF-000405,TECH-3209,Regular maintenance completed
WO-000406,EQ-PP-TT-0000,PM03,Emergency Repair,TECO,2025-03-25 22:03:37.797137,2025-03-26 08:37:05.431222,10.55767613478443,3633.992019844771,NOTIF-000406,TECH-2490,Regular maintenance completed
WO-000407,EQ-PP-TT-0000,PM03,Emergency Repair,TECO,2025-03-27 22:03:37.797137,2025-03-28 17:13:39.919203,23.168646630243288,2371.9431655674493,NOTIF-000407,TECH-8614,Unexpected breakdown - emergency repair required
WO-000408,EQ-PP-TT-0001,PM01,Component Check,TECO,2022-12-27 22:03:37.797269,2022-12-28 04:21:17.501983,6.294362420506112,942.2108283871437,NOTIF-000408,TECH-7685,Regular maintenance completed
WO-000409,EQ-PP-TT-0001,PM01,Regular Service,TECO,2023-01-13 22:03:37.797269,2023-01-14 05:41:06.874501,7.624743675557168,1450.2785958132445,NOTIF-000409,TECH-1665,Regular maintenance completed
WO-000410,EQ-PP-TT-0001,PM01,Component Check,TECO,2023-01-30 22:03:37.797269,2023-01-31 04:44:20.269600,6.678464536257573,728.6406106010588,NOTIF-000410,TECH-8740,Regular maintenance completed
WO-000411,EQ-PP-TT-0001,PM01,Lubrication,TECO,2023-02-16 22:03:37.797269,2023-02-17 00:10:48.323682,2.119590670278284,1478.784167953645,NOTIF-000411,TECH-8728,Regular maintenance completed
WO-000412,EQ-PP-TT-0001,PM01,Calibration,TECO,2023-03-05 22:03:37.797269,2023-03-06 03:39:45.338385,5.60209475451155,613.0610949371935,NOTIF-000412,TECH-3585,Regular maintenance completed
WO-000413,EQ-PP-TT-0001,PM03,Emergency Repair,TECO,2023-03-10 22:03:37.797269,2023-03-11 09:49:57.026420,22.297266835769793,2638.211677271691,NOTIF-000413,TECH-9929,Unexpected breakdown - emergency repair required
WO-000414,EQ-PP-TT-0001,PM01,Component Check,TECO,2023-03-22 22:03:37.797269,2023-03-23 05:55:43.370689,7.868214839025108,1896.4292383090306,NOTIF-000414,TECH-9531,Regular maintenance completed
WO-000415,EQ-PP-TT-0001,PM01,Calibration,TECO,2023-04-08 22:03:37.797269,2023-04-09 03:42:30.852504,5.648070898480192,1563.7973458372662,NOTIF-000415,TECH-1972,Regular maintenance completed
WO-000416,EQ-PP-TT-0001,PM03,Emergency Repair,TECO,2023-04-10 22:03:37.797269,2023-04-11 07:33:18.197589,22.572613256505498,3499.543359123615,NOTIF-000416,TECH-6133,Unexpected breakdown - emergency repair required
WO-000417,EQ-PP-TT-0001,PM01,Regular Service,TECO,2023-04-25 22:03:37.797269,2023-04-26 02:36:47.610130,4.552725794792492,1669.0485502520248,NOTIF-000417,TECH-1162,Regular maintenance completed
WO-000418,EQ-PP-TT-0001,PM01,Lubrication,TECO,2023-05-12 22:03:37.797269,2023-05-13 04:31:49.526469,6.469924777690327,1891.346488705941,NOTIF-000418,TECH-6321,Regular maintenance completed
WO-000419,EQ-PP-TT-0001,PM03,Emergency Repair,TECO,2023-05-21 22:03:37.797269,2023-05-22 11:35:17.218731,23.28776905377808,3645.79173022183,NOTIF-000419,TECH-1543,Unexpected breakdown - emergency repair required
WO-000420,EQ-PP-TT-0001,PM01,Calibration,TECO,2023-05-29 22:03:37.797269,2023-05-30 02:59:23.112324,4.92925418196464,1890.750751167056,NOTIF-000420,TECH-1260,Regular maintenance completed
WO-000421,EQ-PP-TT-0001,PM01,Lubrication,TECO,2023-06-15 22:03:37.797269,2023-06-16 04:35:48.685643,6.536357881708382,635.4395030177072,NOTIF-000421,TECH-4807,Regular maintenance completed
WO-000422,EQ-PP-TT-0001,PM01,Calibration,TECO,2023-07-02 22:03:37.797269,2023-07-03 00:13:13.170729,2.1598259611315656,1003.2178716163771,NOTIF-000422,TECH-7892,Regular maintenance completed
WO-000423,EQ-PP-TT-0001,PM03,Breakdown Fix,TECO,2023-07-19 22:03:37.797269,2023-07-20 04:04:45.758316,6.01887806861639,1391.7443795810818,NOTIF-000423,TECH-9693,Regular maintenance completed
WO-000424,EQ-PP-TT-0001,PM01,Lubrication,TECO,2023-08-05 22:03:37.797269,2023-08-06 05:33:00.955443,7.489766159464033,1563.6514634294651,NOTIF-000424,TECH-2082,Regular maintenance completed
WO-000425,EQ-PP-TT-0001,PM01,Calibration,TECO,2023-08-22 22:03:37.797269,2023-08-23 05:15:41.037067,7.200899943984037,1905.425194862661,NOTIF-000425,TECH-5573,Regular maintenance completed
WO-000426,EQ-PP-TT-0001,PM02,Repair,TECO,2023-09-08 22:03:37.797269,2023-09-09 11:14:50.005241,13.186724436606788,1835.7365254521296,NOTIF-000426,TECH-4783,Regular maintenance completed
WO-000427,EQ-PP-TT-0001,PM03,Emergency Repair,TECO,2023-09-15 22:03:37.797269,2023-09-16 13:56:52.106946,23.37152336958716,5258.339313161662,NOTIF-000427,TECH-5186,Unexpected breakdown - emergency repair required
WO-000428,EQ-PP-TT-0001,PM01,Lubrication,TECO,2023-09-25 22:03:37.797269,2023-09-26 05:56:13.290237,7.876525824541138,1242.4570568910256,NOTIF-000428,TECH-7334,Regular maintenance completed
WO-000429,EQ-PP-TT-0001,PM02,Component Replacement,TECO,2023-10-12 22:03:37.797269,2023-10-13 15:48:50.701041,17.75358438116768,2356.426241134227,NOTIF-000429,TECH-9615,Regular maintenance completed
WO-000430,EQ-PP-TT-0001,PM01,Component Check,TECO,2023-10-29 22:03:37.797269,2023-10-30 03:24:32.065300,5.348407786332671,1052.3395579052058,NOTIF-000430,TECH-7778,Regular maintenance completed
WO-000431,EQ-PP-TT-0001,PM01,Lubrication,TECO,2023-11-15 22:03:37.797269,2023-11-16 00:52:49.196310,2.8198330668206126,505.9475939112881,NOTIF-000431,TECH-7186,Regular maintenance completed
WO-000432,EQ-PP-TT-0001,PM02,Adjustment,TECO,2023-12-02 22:03:37.797269,2023-12-03 16:10:39.616113,18.11717190110663,3482.405557670831,NOTIF-000432,TECH-2781,Regular maintenance completed
WO-000433,EQ-PP-TT-0001,PM02,Component Replacement,TECO,2023-12-19 22:03:37.797269,2023-12-20 12:08:10.828668,14.075842055253602,1219.6568762307809,NOTIF-000433,TECH-5060,Regular maintenance completed
WO-000434,EQ-PP-TT-0001,PM01,Lubrication,TECO,2024-01-05 22:03:37.797269,2024-01-06 00:46:28.139133,2.7139838512356103,530.280470362204,NOTIF-000434,TECH-5092,Regular maintenance completed
WO-000435,EQ-PP-TT-0001,PM01,Calibration,TECO,2024-01-22 22:03:37.797269,2024-01-23 02:26:38.867155,4.383630524000436,1527.3594864017016,NOTIF-000435,TECH-6048,Regular maintenance completed
WO-000436,EQ-PP-TT-0001,PM01,Calibration,TECO,2024-02-08 22:03:37.797269,2024-02-09 04:38:05.205675,6.574280112853998,1938.399722349559,NOTIF-000436,TECH-1080,Regular maintenance completed
WO-000437,EQ-PP-TT-0001,PM01,Calibration,TECO,2024-02-25 22:03:37.797269,2024-02-26 05:04:08.373263,7.008493331804004,1092.5004288471587,NOTIF-000437,TECH-3253,Regular maintenance completed
WO-000438,EQ-PP-TT-0001,PM01,Component Check,TECO,2024-03-13 22:03:37.797269,2024-03-14 05:16:53.972666,7.22115983249012,1968.9310781677582,NOTIF-000438,TECH-1236,Regular maintenance completed
WO-000439,EQ-PP-TT-0001,PM01,Component Check,TECO,2024-03-30 22:03:37.797269,2024-03-31 02:57:24.494712,4.896304845400503,997.4761250468878,NOTIF-000439,TECH-4372,Regular maintenance completed
WO-000440,EQ-PP-TT-0001,PM01,Component Check,TECO,2024-04-16 22:03:37.797269,2024-04-17 04:14:53.359539,6.187656186232465,1900.6912016458953,NOTIF-000440,TECH-8080,Regular maintenance completed
WO-000441,EQ-PP-TT-0001,PM01,Calibration,TECO,2024-05-03 22:03:37.797269,2024-05-04 05:21:43.571051,7.301603828402021,883.9620685412046,NOTIF-000441,TECH-2487,Regular maintenance completed
WO-000442,EQ-PP-TT-0001,PM01,Component Check,TECO,2024-05-20 22:03:37.797269,2024-05-21 04:49:02.730539,6.756925908261906,695.5885896201792,NOTIF-000442,TECH-6609,Regular maintenance completed
WO-000443,EQ-PP-TT-0001,PM01,Component Check,TECO,2024-06-06 22:03:37.797269,2024-06-07 02:19:42.928895,4.268092118197889,1752.2715168810994,NOTIF-000443,TECH-5192,Regular maintenance completed
WO-000444,EQ-PP-TT-0001,PM01,Regular Service,TECO,2024-06-23 22:03:37.797269,2024-06-24 00:24:41.627777,2.351064029919222,1739.6533457907512,NOTIF-000444,TECH-6396,Regular maintenance completed
WO-000445,EQ-PP-TT-0001,PM01,Regular Service,TECO,2024-07-10 22:03:37.797269,2024-07-11 02:58:02.590103,4.9068868982249265,1574.552066108681,NOTIF-000445,TECH-6079,Regular maintenance completed
WO-000446,EQ-PP-TT-0001,PM01,Regular Service,TECO,2024-07-27 22:03:37.797269,2024-07-28 01:43:55.609405,3.6716144823318233,965.5435830318081,NOTIF-000446,TECH-4555,Regular maintenance completed
WO-000447,EQ-PP-TT-0001,PM01,Calibration,TECO,2024-08-13 22:03:37.797269,2024-08-14 00:38:51.521279,2.58714555834474,883.4561514671589,NOTIF-000447,TECH-3910,Regular maintenance completed
WO-000448,EQ-PP-TT-0001,PM01,Regular Service,TECO,2024-08-30 22:03:37.797269,2024-08-31 02:22:09.706836,4.30886376851933,695.0654578309341,NOTIF-000448,TECH-3238,Regular maintenance completed
WO-000449,EQ-PP-TT-0001,PM03,Emergency Repair,TECO,2024-09-04 22:03:37.797269,2024-09-05 05:37:34.806240,8.014229113611771,7277.588448339445,NOTIF-000449,TECH-9476,Unexpected breakdown - emergency repair required
WO-000450,EQ-PP-TT-0001,PM01,Component Check,TECO,2024-09-16 22:03:37.797269,2024-09-17 00:48:14.007827,2.7433918215757136,1768.4900454840772,NOTIF-000450,TECH-5512,Regular maintenance completed
WO-000451,EQ-PP-TT-0001,PM01,Lubrication,TECO,2024-10-03 22:03:37.797269,2024-10-04 03:37:16.567140,5.5607694086681585,778.7097127087563,NOTIF-000451,TECH-8806,Regular maintenance completed
WO-000452,EQ-PP-TT-0001,PM01,Lubrication,TECO,2024-10-20 22:03:37.797269,2024-10-21 02:58:37.025234,4.916452212534376,1075.6931440409298,NOTIF-000452,TECH-3749,Regular maintenance completed
WO-000453,EQ-PP-TT-0001,PM01,Calibration,TECO,2024-11-06 22:03:37.797269,2024-11-07 02:56:25.690935,4.879970462820305,1240.8062615648664,NOTIF-000453,TECH-1729,Regular maintenance completed
WO-000454,EQ-PP-TT-0001,PM01,Lubrication,TECO,2024-11-23 22:03:37.797269,2024-11-24 01:07:07.433675,3.0582323348688174,1290.865331265904,NOTIF-000454,TECH-4632,Regular maintenance completed
WO-000455,EQ-PP-TT-0001,PM01,Lubrication,TECO,2024-12-10 22:03:37.797269,2024-12-11 01:17:35.343974,3.2326518625474145,1225.3619658921866,NOTIF-000455,TECH-4488,Regular maintenance completed
WO-000456,EQ-PP-TT-0001,PM01,Calibration,TECO,2024-12-27 22:03:37.797269,2024-12-28 01:08:01.876289,3.073355283329115,1652.4218706343554,NOTIF-000456,TECH-3275,Regular maintenance completed
WO-000457,EQ-PP-TT-0001,PM01,Calibration,TECO,2025-01-13 22:03:37.797269,2025-01-14 05:40:43.050036,7.618125768601012,1155.3489652013086,NOTIF-000457,TECH-2770,Regular maintenance completed
WO-000458,EQ-PP-TT-0001,PM01,Lubrication,TECO,2025-01-30 22:03:37.797269,2025-01-31 00:13:42.756825,2.168044321121588,1430.6811455917432,NOTIF-000458,TECH-8431,Regular maintenance completed
WO-000459,EQ-PP-TT-0001,PM01,Regular Service,TECO,2025-02-16 22:03:37.797269,2025-02-17 05:15:44.528022,7.201869653490042,1504.5834441557765,NOTIF-000459,TECH-2560,Regular maintenance completed
WO-000460,EQ-PP-TT-0001,PM01,Component Check,TECO,2025-03-05 22:03:37.797269,2025-03-06 02:27:28.731058,4.397481608175352,1613.8639972014494,NOTIF-000460,TECH-2539,Regular maintenance completed
WO-000461,EQ-PP-TT-0001,PM03,Breakdown Fix,TECO,2025-03-22 22:03:37.797269,2025-03-23 03:36:53.568113,5.554380790066256,4376.165596190593,NOTIF-000461,TECH-8137,Regular maintenance completed
WO-000462,EQ-PP-TT-0001,PM01,Calibration,TECO,2025-04-08 22:03:37.797269,2025-04-09 03:32:25.645678,5.479957891369984,907.4445777512328,NOTIF-000462,TECH-8902,Regular maintenance completed
