episode,total_reward,epsilon,loss
1,90.0,1.0,0.0
2,90.0,1.0,0.0
3,-200.0,1.0,0.0
4,90.0,1.0,0.0
5,-200.0,1.0,0.0
6,90.0,1.0,0.0
7,-200.0,1.0,0.0
8,90.0,1.0,0.0
9,-200.0,1.0,0.0
10,90.0,1.0,0.0
11,-200.0,1.0,0.0
12,90.0,1.0,0.0
13,-200.0,1.0,0.0
14,-200.0,1.0,0.0
15,90.0,1.0,0.0
16,90.0,1.0,0.0
17,-200.0,1.0,0.0
18,-200.0,1.0,0.0
19,90.0,1.0,0.0
20,-200.0,1.0,0.0
21,-200.0,1.0,0.0
22,90.0,1.0,0.0
23,90.0,1.0,0.0
24,-200.0,1.0,0.0
25,-200.0,1.0,0.0
26,90.0,1.0,0.0
27,90.0,1.0,0.0
28,90.0,1.0,0.0
29,90.0,1.0,0.0
30,90.0,1.0,0.0
31,90.0,1.0,0.0
32,-200.0,1.0,0.0
33,90.0,1.0,0.0
34,90.0,1.0,0.0
35,-200.0,1.0,0.0
36,-200.0,1.0,0.0
37,-200.0,1.0,0.0
38,90.0,1.0,0.0
39,90.0,1.0,0.0
40,90.0,1.0,0.0
41,-200.0,1.0,0.0
42,-200.0,1.0,0.0
43,-200.0,1.0,0.0
44,-200.0,1.0,0.0
45,90.0,1.0,0.0
46,-200.0,1.0,0.0
47,-200.0,1.0,0.0
48,90.0,1.0,0.0
49,-200.0,1.0,0.0
50,-200.0,1.0,0.0
51,-200.0,1.0,0.0
52,-200.0,1.0,0.0
53,-200.0,1.0,0.0
54,90.0,1.0,0.0
55,90.0,1.0,0.0
56,90.0,1.0,0.0
57,90.0,1.0,0.0
58,-200.0,1.0,0.0
59,90.0,1.0,0.0
60,90.0,1.0,0.0
61,-200.0,1.0,0.0
62,90.0,1.0,0.0
63,-200.0,1.0,0.0
64,90.0,0.995,21809.5
65,-200.0,0.990025,20912.546875
66,-200.0,0.985074875,20541.619140625
67,90.0,0.9801495006250001,19732.939453125
68,-200.0,0.9752487531218751,18140.359375
69,-200.0,0.9703725093562657,17843.376953125
70,90.0,0.9655206468094844,18345.380859375
71,-200.0,0.960693043575437,17611.9921875
72,90.0,0.9558895783575597,15719.77734375
73,-200.0,0.9511101304657719,16192.634765625
74,-200.0,0.946354579813443,15068.099609375
75,90.0,0.9416228069143757,14408.642578125
76,-200.0,0.9369146928798039,13081.8408203125
77,-200.0,0.9322301194154049,11885.466796875
78,90.0,0.9275689688183278,11391.34375
79,-200.0,0.9229311239742362,10815.77734375
80,90.0,0.918316468354365,9987.5263671875
81,90.0,0.9137248860125932,9636.4365234375
82,90.0,0.9091562615825302,9098.876953125
83,90.0,0.9046104802746175,9011.6494140625
84,-200.0,0.9000874278732445,8294.970703125
85,90.0,0.8955869907338783,6219.2705078125
86,90.0,0.8911090557802088,7132.1220703125
87,-200.0,0.8866535105013078,6451.33544921875
88,90.0,0.8822202429488013,5275.33544921875
89,-200.0,0.8778091417340573,5714.40380859375
90,90.0,0.8734200960253871,4846.0224609375
91,-200.0,0.8690529955452602,4349.8076171875
92,90.0,0.8647077305675338,3947.92041015625
93,90.0,0.8603841919146962,3593.79833984375
94,-200.0,0.8560822709551227,3913.399658203125
95,-200.0,0.851801859600347,3997.51708984375
96,-200.0,0.8475428503023453,3951.2197265625
97,90.0,0.8433051360508336,3493.391357421875
98,90.0,0.8390886103705794,3210.86767578125
99,90.0,0.8348931673187264,2634.87744140625
100,90.0,0.8307187014821328,2640.796630859375
101,90.0,0.8265651079747222,2705.917724609375
102,90.0,0.8224322824348486,2610.073486328125
103,-200.0,0.8183201210226743,2339.768310546875
104,90.0,0.8142285204175609,2797.596435546875
105,90.0,0.810157377815473,2548.030029296875
106,-200.0,0.8061065909263957,2237.631103515625
107,-200.0,0.8020760579717637,2347.665283203125
108,90.0,0.798065677681905,2791.21337890625
109,90.0,0.7940753492934954,2079.615234375
110,-200.0,0.7901049725470279,2182.0263671875
111,-200.0,0.7861544476842928,2276.42041015625
112,90.0,0.7822236754458713,2411.897705078125
113,-200.0,0.778312557068642,1961.32861328125
114,90.0,0.7744209942832988,2217.93701171875
115,90.0,0.7705488893118823,2009.48876953125
116,90.0,0.7666961448653229,1478.86328125
117,-200.0,0.7628626641409962,2021.7923583984375
118,90.0,0.7590483508202912,2102.55126953125
119,90.0,0.7552531090661897,1497.1988525390625
120,90.0,0.7514768435208588,1782.2313232421875
121,90.0,0.7477194593032545,1497.2515869140625
122,-200.0,0.7439808620067382,2100.662109375
123,-200.0,0.7402609576967045,1618.7880859375
124,-200.0,0.736559652908221,1989.648681640625
125,90.0,0.7328768546436799,1776.088134765625
126,90.0,0.7292124703704616,1755.3250732421875
127,-200.0,0.7255664080186093,2063.628173828125
128,90.0,0.7219385759785162,2097.994873046875
129,90.0,0.7183288830986236,2150.674072265625
130,90.0,0.7147372386831305,1936.281494140625
131,-200.0,0.7111635524897149,2348.102783203125
132,-200.0,0.7076077347272662,1844.991943359375
133,90.0,0.7040696960536299,1970.7562255859375
134,90.0,0.7005493475733617,1971.57568359375
135,90.0,0.697046600835495,1931.169921875
136,-200.0,0.6935613678313175,2048.045166015625
137,90.0,0.6900935609921609,2648.39013671875
138,-200.0,0.6866430931872001,2461.621826171875
139,90.0,0.6832098777212641,2115.19287109375
140,-200.0,0.6797938283326578,2321.113037109375
141,-200.0,0.6763948591909945,2831.80517578125
142,-200.0,0.6730128848950395,1820.646484375
143,90.0,0.6696478204705644,2280.37744140625
144,90.0,0.6662995813682115,2139.027587890625
145,-200.0,0.6629680834613705,1846.9005126953125
146,90.0,0.6596532430440636,2346.245849609375
147,90.0,0.6563549768288433,1566.6297607421875
148,-200.0,0.653073201944699,1651.22998046875
149,90.0,0.6498078359349755,1497.12353515625
150,-200.0,0.6465587967553006,2187.38134765625
151,90.0,0.6433260027715241,2259.6416015625
152,-200.0,0.6401093727576664,1938.1763916015625
153,90.0,0.6369088258938781,1973.593017578125
154,90.0,0.6337242817644086,1721.4598388671875
155,90.0,0.6305556603555866,2080.39990234375
156,-200.0,0.6274028820538087,1533.1109619140625
157,90.0,0.6242658676435396,1940.461181640625
158,90.0,0.6211445383053219,1676.1829833984375
159,90.0,0.6180388156137953,2288.537353515625
160,90.0,0.6149486215357263,1899.171142578125
161,90.0,0.6118738784280476,2059.15576171875
162,90.0,0.6088145090359074,1685.959228515625
163,90.0,0.6057704364907278,2000.44775390625
164,-200.0,0.6027415843082742,1523.6163330078125
165,90.0,0.5997278763867329,1724.120361328125
166,90.0,0.5967292370047992,1781.3499755859375
167,90.0,0.5937455908197752,1773.80908203125
168,90.0,0.5907768628656763,1444.23779296875
169,-200.0,0.5878229785513479,2591.926513671875
170,90.0,0.5848838636585911,1848.666748046875
171,-200.0,0.5819594443402982,1830.017822265625
172,90.0,0.5790496471185967,1877.76220703125
173,90.0,0.5761543988830038,1824.4093017578125
174,-200.0,0.5732736268885887,2431.693359375
175,90.0,0.5704072587541458,1972.578125
176,90.0,0.567555222460375,1917.29150390625
177,90.0,0.5647174463480732,1615.2669677734375
178,90.0,0.5618938591163328,1802.271484375
179,90.0,0.5590843898207511,1741.783935546875
180,90.0,0.5562889678716474,1603.797607421875
181,90.0,0.5535075230322891,1580.489501953125
182,90.0,0.5507399854171277,1656.8016357421875
183,-200.0,0.547986285490042,1503.893798828125
184,-200.0,0.5452463540625918,1499.136474609375
185,-200.0,0.5425201222922789,1556.6241455078125
186,90.0,0.5398075216808175,1215.8443603515625
187,90.0,0.5371084840724134,1339.4837646484375
188,90.0,0.5344229416520513,1497.5721435546875
189,90.0,0.531750826943791,1438.6614990234375
190,90.0,0.5290920728090721,1388.0269775390625
191,90.0,0.5264466124450268,2016.82763671875
192,90.0,0.5238143793828016,1688.5572509765625
193,90.0,0.5211953074858876,1935.8094482421875
194,90.0,0.5185893309484582,1291.27978515625
195,-200.0,0.5159963842937159,1548.1678466796875
196,90.0,0.5134164023722473,1740.97216796875
197,90.0,0.510849320360386,1743.531005859375
198,90.0,0.5082950737585841,1335.1527099609375
199,90.0,0.5057535983897912,1581.4932861328125
200,90.0,0.5032248303978422,1505.753173828125
201,90.0,0.500708706245853,1389.473388671875
202,90.0,0.4982051627146237,1572.13916015625
203,90.0,0.49571413690105054,1783.97705078125
204,90.0,0.4932355662165453,1868.1546630859375
205,90.0,0.4907693883854626,1174.6357421875
206,90.0,0.4883155414435353,1256.8720703125
207,90.0,0.4858739637363176,1478.547607421875
208,90.0,0.483444593917636,1914.5968017578125
209,90.0,0.4810273709480478,1423.543701171875
210,90.0,0.47862223409330756,1202.9039306640625
211,90.0,0.47622912292284103,1630.306884765625
212,90.0,0.4738479773082268,1478.907470703125
213,-200.0,0.47147873742168567,1897.56201171875
214,90.0,0.46912134373457726,1566.6519775390625
215,90.0,0.46677573701590436,1154.997314453125
216,90.0,0.46444185833082485,1248.8958740234375
217,-200.0,0.46211964903917074,1641.0943603515625
218,90.0,0.4598090507939749,1399.6981201171875
219,90.0,0.457510005540005,1282.5751953125
220,90.0,0.45522245551230495,1437.223388671875
221,90.0,0.4529463432347434,1048.822509765625
222,90.0,0.4506816115185697,890.1008911132812
223,90.0,0.4484282034609769,1631.8668212890625
224,90.0,0.446186062443672,1220.2647705078125
225,90.0,0.4439551321314536,1929.53466796875
226,90.0,0.4417353564707963,1148.489501953125
227,90.0,0.43952667968844233,1482.437255859375
228,90.0,0.43732904629000013,1477.2115478515625
229,-200.0,0.4351424010585501,1750.3087158203125
230,90.0,0.43296668905325736,1083.0743408203125
231,90.0,0.43080185560799106,1173.3099365234375
232,-200.0,0.4286478463299511,943.4368286132812
233,90.0,0.42650460709830135,1096.36181640625
234,-200.0,0.42437208406280985,1524.3951416015625
235,-200.0,0.4222502236424958,1715.936279296875
236,90.0,0.42013897252428334,1474.7945556640625
237,-200.0,0.4180382776616619,1251.3974609375
238,-200.0,0.4159480862733536,1075.2471923828125
239,90.0,0.41386834584198684,1220.0029296875
240,90.0,0.4117990041127769,1657.383544921875
241,-200.0,0.40974000909221303,1210.947265625
242,-200.0,0.40769130904675194,1183.038330078125
243,90.0,0.40565285250151817,1409.16748046875
244,90.0,0.4036245882390106,1884.080078125
245,-200.0,0.4016064652978155,1746.004638671875
246,-200.0,0.3995984329713264,1540.459228515625
247,90.0,0.3976004408064698,1332.47119140625
248,-200.0,0.39561243860243744,1477.0828857421875
249,90.0,0.3936343764094253,1179.806640625
250,90.0,0.39166620452737816,1067.6409912109375
251,90.0,0.3897078735047413,1116.4183349609375
252,90.0,0.3877593341372176,1301.0008544921875
253,-200.0,0.3858205374665315,1502.1156005859375
254,-200.0,0.38389143477919885,1449.87646484375
255,90.0,0.3819719776053028,1561.4085693359375
256,90.0,0.3800621177172763,1348.7176513671875
257,90.0,0.37816180712868996,1489.097900390625
258,90.0,0.37627099809304654,1212.91552734375
259,90.0,0.3743896431025813,1043.0687255859375
260,-200.0,0.37251769488706843,1490.068359375
261,90.0,0.3706551064126331,1128.1934814453125
262,90.0,0.36880183088056995,1643.7601318359375
263,90.0,0.3669578217261671,1333.183837890625
264,90.0,0.36512303261753626,1316.7742919921875
265,90.0,0.3632974174544486,1096.9385986328125
266,90.0,0.3614809303671764,997.0660400390625
267,90.0,0.3596735257153405,1352.8321533203125
268,90.0,0.3578751580867638,1127.9718017578125
269,90.0,0.35608578229633,873.0831909179688
270,90.0,0.3543053533848483,1119.8746337890625
271,90.0,0.35253382661792404,1086.3935546875
272,90.0,0.3507711574848344,974.312744140625
273,90.0,0.34901730169741024,1283.4849853515625
274,-200.0,0.3472722151889232,1201.379150390625
275,90.0,0.3455358541129786,985.9522094726562
276,90.0,0.3438081748424137,1151.934326171875
277,90.0,0.3420891339682016,1121.8675537109375
278,90.0,0.3403786882983606,880.0809936523438
279,90.0,0.3386767948568688,997.7374877929688
280,90.0,0.33698341088258443,1113.7337646484375
281,90.0,0.3352984938281715,1321.7135009765625
282,90.0,0.33362200135903064,1281.7503662109375
283,90.0,0.33195389135223546,1022.7129516601562
284,90.0,0.3302941218954743,1075.863037109375
285,90.0,0.32864265128599696,679.1746826171875
286,90.0,0.326999438029567,1047.9609375
287,90.0,0.3253644408394192,955.6959228515625
288,90.0,0.3237376186352221,940.093505859375
289,90.0,0.322118930542046,1119.8662109375
290,90.0,0.32050833588933575,874.2532348632812
291,90.0,0.31890579420988907,873.1054077148438
292,90.0,0.3173112652388396,1014.7993774414062
293,90.0,0.3157247089126454,1206.97265625
294,90.0,0.3141460853680822,998.7061767578125
295,-200.0,0.3125753549412418,941.1455078125
296,90.0,0.31101247816653554,841.0892944335938
297,90.0,0.30945741577570285,857.9207153320312
298,90.0,0.3079101286968243,729.0008544921875
299,90.0,0.3063705780533402,749.8194580078125
300,-200.0,0.30483872516307353,1170.0645751953125
301,90.0,0.3033145315372582,862.1178588867188
302,90.0,0.3017979588795719,609.4828491210938
303,90.0,0.30028896908517405,823.7860107421875
304,90.0,0.2987875242397482,943.8821411132812
305,90.0,0.29729358661854943,650.5667114257812
306,90.0,0.29580711868545667,931.748779296875
307,90.0,0.2943280830920294,686.7960815429688
308,90.0,0.29285644267656924,871.474853515625
309,90.0,0.2913921604631864,1121.55126953125
310,90.0,0.28993519966087045,886.6981811523438
311,90.0,0.2884855236625661,755.58349609375
312,90.0,0.28704309604425327,796.4273681640625
313,90.0,0.285607880564032,622.3570556640625
314,90.0,0.28417984116121187,742.6495971679688
315,90.0,0.2827589419554058,980.6565551757812
316,90.0,0.28134514724562876,760.5381469726562
317,90.0,0.2799384215094006,559.3236694335938
318,90.0,0.27853872940185365,656.4234008789062
319,90.0,0.27714603575484437,757.7252197265625
320,90.0,0.2757603055760701,795.1072998046875
321,90.0,0.2743815040481898,405.8837890625
322,90.0,0.2730095965279488,704.8157958984375
323,90.0,0.27164454854530906,547.495361328125
324,-200.0,0.2702863258025825,702.2518310546875
325,90.0,0.2689348941735696,585.431640625
326,90.0,0.26759021970270175,552.6962890625
327,90.0,0.2662522686041882,537.9790649414062
328,90.0,0.2649210072611673,434.11724853515625
329,90.0,0.26359640222486147,659.04833984375
330,90.0,0.26227842021373715,723.3150024414062
331,90.0,0.2609670281126685,841.1348876953125
332,90.0,0.25966219297210513,484.0564270019531
333,-200.0,0.2583638820072446,605.3560180664062
334,90.0,0.2570720625972084,548.5730590820312
335,-200.0,0.25578670228422234,349.13232421875
336,90.0,0.25450776877280124,703.2681884765625
337,-200.0,0.2532352299289372,538.9606323242188
338,90.0,0.2519690537792925,520.9302978515625
339,90.0,0.2507092085103961,423.9508361816406
340,90.0,0.2494556624678441,720.3304443359375
341,90.0,0.24820838415550486,343.5314025878906
342,-200.0,0.24696734223472733,355.5466003417969
343,90.0,0.2457325055235537,497.8792724609375
344,-200.0,0.24450384299593592,458.143798828125
345,90.0,0.24328132378095624,557.3270263671875
346,-200.0,0.24206491716205145,538.328369140625
347,90.0,0.2408545925762412,437.05474853515625
348,90.0,0.23965031961336,504.1236572265625
349,90.0,0.2384520680152932,400.3824768066406
350,90.0,0.23725980767521673,478.6473388671875
351,90.0,0.23607350863684065,522.1548461914062
352,90.0,0.23489314109365644,667.6639404296875
353,90.0,0.23371867538818816,442.2818908691406
354,90.0,0.23255008201124722,439.86822509765625
355,90.0,0.231387331601191,367.85205078125
356,90.0,0.23023039494318503,395.50982666015625
357,90.0,0.2290792429684691,519.1643676757812
358,90.0,0.22793384675362674,365.0380859375
359,90.0,0.22679417751985861,391.4187927246094
360,-200.0,0.22566020663225933,223.0657501220703
361,90.0,0.22453190559909803,375.8634338378906
362,90.0,0.22340924607110255,354.4809875488281
363,90.0,0.22229219984074702,369.2068176269531
364,90.0,0.2211807388415433,180.4745635986328
365,90.0,0.22007483514733558,436.83880615234375
366,90.0,0.2189744609715989,219.83795166015625
367,90.0,0.2178795886667409,192.25767517089844
368,90.0,0.2167901907234072,326.49517822265625
369,-200.0,0.21570623976979014,244.75192260742188
370,90.0,0.21462770857094118,387.87603759765625
371,90.0,0.21355457002808648,328.9685974121094
372,90.0,0.21248679717794605,286.66162109375
373,-200.0,0.21142436319205632,222.68739318847656
374,90.0,0.21036724137609603,208.41424560546875
375,90.0,0.20931540516921554,207.93423461914062
376,90.0,0.20826882814336947,249.59097290039062
377,90.0,0.20722748400265262,297.055908203125
378,90.0,0.20619134658263935,172.16207885742188
379,90.0,0.20516038984972615,250.42654418945312
380,90.0,0.2041345879004775,179.14869689941406
381,90.0,0.2031139149609751,165.4032745361328
382,90.0,0.20209834538617025,148.34605407714844
383,90.0,0.2010878536592394,95.9896240234375
384,90.0,0.2000824143909432,252.1300048828125
385,90.0,0.19908200231898848,204.96044921875
386,90.0,0.19808659230739353,158.70994567871094
387,90.0,0.19709615934585656,76.81497955322266
388,90.0,0.19611067854912728,217.13388061523438
389,90.0,0.19513012515638165,125.0115966796875
390,90.0,0.19415447453059972,200.7664031982422
391,90.0,0.19318370215794672,180.85140991210938
392,90.0,0.192217783647157,175.27011108398438
393,90.0,0.1912566947289212,87.47671508789062
394,90.0,0.1903004112552766,258.25311279296875
395,90.0,0.18934890919900021,146.27841186523438
396,90.0,0.18840216465300522,210.00146484375
397,-200.0,0.18746015382974018,152.70899963378906
398,90.0,0.1865228530605915,92.66241455078125
399,90.0,0.18559023879528855,120.57874298095703
400,90.0,0.1846622876013121,152.20127868652344
401,90.0,0.18373897616330553,148.8468475341797
402,90.0,0.182820281282489,145.47720336914062
403,90.0,0.18190617987607657,179.7720184326172
404,90.0,0.18099664897669618,135.73825073242188
405,90.0,0.1800916657318127,170.5043182373047
406,90.0,0.17919120740315364,95.44756317138672
407,-200.0,0.17829525136613786,67.4345474243164
408,90.0,0.17740377510930716,131.61483764648438
409,90.0,0.17651675623376062,145.8992156982422
410,90.0,0.1756341724525918,130.0655059814453
411,90.0,0.17475600159032884,68.33502197265625
412,90.0,0.17388222158237718,88.84644317626953
413,90.0,0.1730128104744653,108.936279296875
414,90.0,0.17214774642209296,105.26737976074219
415,90.0,0.1712870076899825,120.05111694335938
416,90.0,0.17043057265153258,69.81100463867188
417,-200.0,0.16957841978827493,73.1732177734375
418,90.0,0.16873052768933355,111.96675872802734
419,-200.0,0.1678868750508869,129.09632873535156
420,90.0,0.16704744067563246,105.06085205078125
421,-200.0,0.1662122034722543,126.91061401367188
422,90.0,0.16538114245489302,101.88225555419922
423,90.0,0.16455423674261854,98.85123443603516
424,90.0,0.16373146555890544,96.31304168701172
425,90.0,0.16291280823111093,78.39186096191406
426,90.0,0.16209824418995536,60.72967529296875
427,90.0,0.16128775296900558,103.42807006835938
428,90.0,0.16048131420416054,89.36720275878906
429,90.0,0.15967890763313974,73.96842956542969
430,90.0,0.15888051309497406,75.49777221679688
431,90.0,0.1580861105294992,65.4453353881836
432,90.0,0.1572956799768517,84.0708236694336
433,90.0,0.15650920157696743,65.9090347290039
434,90.0,0.1557266555690826,95.75623321533203
435,90.0,0.1549480222912372,98.9541015625
436,90.0,0.15417328217978102,87.41419219970703
437,90.0,0.1534024157688821,57.1961784362793
438,90.0,0.1526354036900377,76.29273986816406
439,90.0,0.1518722266715875,86.23713684082031
440,90.0,0.15111286553822956,107.01953125
441,90.0,0.15035730121053842,46.65644454956055
442,90.0,0.14960551470448571,73.87909698486328
443,90.0,0.14885748713096328,73.03643035888672
444,90.0,0.14811319969530845,69.39803314208984
445,-200.0,0.1473726336968319,68.73616790771484
446,90.0,0.14663577052834775,74.1552963256836
447,-200.0,0.14590259167570602,61.27865982055664
448,90.0,0.1451730787173275,52.605220794677734
449,-200.0,0.14444721332374086,70.37806701660156
450,90.0,0.14372497725712216,62.71631622314453
451,90.0,0.14300635237083656,75.84548950195312
452,90.0,0.14229132060898236,93.50322723388672
453,90.0,0.14157986400593744,57.018157958984375
454,90.0,0.14087196468590776,55.038204193115234
455,90.0,0.14016760486247823,52.586856842041016
456,90.0,0.13946676683816583,44.36001205444336
457,90.0,0.138769433003975,64.42316436767578
458,90.0,0.13807558583895513,44.781349182128906
459,90.0,0.13738520790976036,45.766536712646484
460,90.0,0.13669828187021155,63.797569274902344
461,90.0,0.13601479046086049,63.309513092041016
462,90.0,0.1353347165085562,46.220191955566406
463,90.0,0.1346580429260134,61.866554260253906
464,90.0,0.13398475271138335,62.999488830566406
465,90.0,0.13331482894782642,55.824798583984375
466,90.0,0.13264825480308728,90.00616455078125
467,90.0,0.13198501352907185,72.47666931152344
468,-200.0,0.1313250884614265,65.78763580322266
469,90.0,0.13066846301911936,61.016746520996094
470,90.0,0.13001512070402377,62.105133056640625
471,90.0,0.12936504510050365,42.44872283935547
472,90.0,0.12871821987500112,43.133262634277344
473,90.0,0.12807462877562611,45.99127960205078
474,90.0,0.12743425563174798,52.82639694213867
475,90.0,0.12679708435358925,35.29438781738281
476,90.0,0.1261630989318213,47.275184631347656
477,90.0,0.1255322834371622,38.7791748046875
478,90.0,0.12490462201997637,28.665508270263672
479,-200.0,0.1242800989098765,33.915428161621094
480,90.0,0.12365869841532712,38.25802993774414
481,90.0,0.12304040492325048,44.5615119934082
482,90.0,0.12242520289863423,52.2491340637207
483,90.0,0.12181307688414106,45.37300491333008
484,90.0,0.12120401149972035,35.95079040527344
485,90.0,0.12059799144222175,38.37999725341797
486,90.0,0.11999500148501063,37.20720291137695
487,90.0,0.11939502647758558,43.21770477294922
488,90.0,0.11879805134519765,38.73080825805664
489,90.0,0.11820406108847166,38.56675338745117
490,-200.0,0.1176130407830293,39.783416748046875
491,90.0,0.11702497557911415,38.24708557128906
492,90.0,0.11643985070121858,34.22171401977539
493,90.0,0.11585765144771248,36.03097915649414
494,90.0,0.11527836319047392,42.700618743896484
495,90.0,0.11470197137452155,37.25163269042969
496,90.0,0.11412846151764894,41.15290069580078
497,90.0,0.1135578192100607,35.52054977416992
498,90.0,0.11299003011401039,49.58984375
499,-200.0,0.11242507996344034,41.82347869873047
500,-200.0,0.11186295456362313,26.96335792541504
501,90.0,0.11130363979080501,43.493892669677734
502,90.0,0.11074712159185099,43.552024841308594
503,90.0,0.11019338598389174,46.58738327026367
504,90.0,0.10964241905397228,51.47150421142578
505,90.0,0.10909420695870241,29.982990264892578
506,90.0,0.1085487359239089,40.16127014160156
507,90.0,0.10800599224428936,26.95424461364746
508,90.0,0.10746596228306791,38.82124710083008
509,90.0,0.10692863247165257,50.508575439453125
510,90.0,0.1063939893092943,41.71021270751953
511,90.0,0.10586201936274783,29.25285530090332
512,90.0,0.10533270926593409,33.12883758544922
513,90.0,0.10480604571960442,38.3526725769043
514,90.0,0.1042820154910064,41.328216552734375
515,90.0,0.10376060541355137,26.57849884033203
516,90.0,0.1032418023864836,30.864215850830078
517,90.0,0.10272559337455119,30.494064331054688
518,90.0,0.10221196540767843,32.658470153808594
519,90.0,0.10170090558064004,22.957542419433594
520,90.0,0.10119240105273684,37.29377365112305
521,90.0,0.10068643904747315,34.3916130065918
522,90.0,0.10018300685223579,32.053592681884766
523,90.0,0.0996820918179746,29.58949851989746
524,90.0,0.09918368135888474,34.92754364013672
525,90.0,0.09868776295209031,37.71868896484375
526,90.0,0.09819432413732986,37.74666213989258
527,90.0,0.09770335251664321,32.874671936035156
528,90.0,0.09721483575406,26.0137996673584
529,90.0,0.09672876157528969,35.7437858581543
530,90.0,0.09624511776741324,25.558622360229492
531,90.0,0.09576389217857617,30.42508316040039
532,90.0,0.09528507271768329,19.429244995117188
533,90.0,0.09480864735409487,32.03069305419922
534,90.0,0.0943346041173244,42.813785552978516
535,90.0,0.09386293109673778,32.13555908203125
536,90.0,0.09339361644125409,27.514076232910156
537,90.0,0.09292664835904782,29.85329818725586
538,90.0,0.09246201511725258,23.608325958251953
539,90.0,0.09199970504166631,41.87359619140625
540,90.0,0.09153970651645797,22.04680824279785
541,90.0,0.09108200798387568,30.075353622436523
542,90.0,0.0906265979439563,28.086660385131836
543,90.0,0.09017346495423652,25.243736267089844
544,90.0,0.08972259762946533,23.287446975708008
545,90.0,0.089273984641318,33.3963737487793
546,90.0,0.0888276147181114,42.06950759887695
547,90.0,0.08838347664452084,18.4771785736084
548,90.0,0.08794155926129824,16.276180267333984
549,90.0,0.08750185146499175,38.440826416015625
550,90.0,0.08706434220766679,39.72853469848633
551,90.0,0.08662902049662846,28.709552764892578
552,90.0,0.08619587539414532,35.66786575317383
553,90.0,0.08576489601717459,24.27711296081543
554,90.0,0.08533607153708872,22.112977981567383
555,90.0,0.08490939117940327,37.4462890625
556,90.0,0.08448484422350626,33.139915466308594
557,90.0,0.08406242000238873,30.192419052124023
558,90.0,0.08364210790237678,28.975608825683594
559,90.0,0.0832238973628649,20.94845962524414
560,90.0,0.08280777787605056,24.24050521850586
561,90.0,0.08239373898667031,30.142879486083984
562,90.0,0.08198177029173696,21.545528411865234
563,90.0,0.08157186144027828,37.572532653808594
564,90.0,0.0811640021330769,32.155277252197266
565,90.0,0.08075818212241151,24.016998291015625
566,90.0,0.08035439121179945,27.504377365112305
567,-200.0,0.07995261925574046,20.476470947265625
568,90.0,0.07955285615946175,28.226892471313477
569,90.0,0.07915509187866444,21.18504524230957
570,90.0,0.07875931641927113,26.88186264038086
571,90.0,0.07836551983717477,27.141830444335938
572,90.0,0.07797369223798889,35.5802001953125
573,90.0,0.07758382377679894,30.31757164001465
574,90.0,0.07719590465791494,27.392807006835938
575,90.0,0.07680992513462537,15.1201171875
576,90.0,0.07642587550895225,24.361440658569336
577,90.0,0.07604374613140748,27.066722869873047
578,90.0,0.07566352740075044,39.022911071777344
579,90.0,0.07528520976374668,19.595874786376953
580,90.0,0.07490878371492794,24.04825782775879
581,90.0,0.0745342397963533,30.31047821044922
582,90.0,0.07416156859737154,24.816356658935547
583,90.0,0.07379076075438468,23.467618942260742
584,90.0,0.07342180695061275,20.626821517944336
585,90.0,0.07305469791585968,11.84636402130127
586,-200.0,0.07268942442628039,20.247051239013672
587,90.0,0.07232597730414898,28.272384643554688
588,90.0,0.07196434741762824,23.454296112060547
589,90.0,0.0716045256805401,14.963479995727539
590,90.0,0.0712465030521374,17.58898162841797
591,90.0,0.0708902705368767,29.99431610107422
592,-200.0,0.07053581918419231,19.676687240600586
593,-200.0,0.07018314008827135,22.27328872680664
594,90.0,0.06983222438783,21.155960083007812
595,90.0,0.06948306326589085,21.716554641723633
596,90.0,0.0691356479495614,18.54336929321289
597,90.0,0.06878996970981359,22.38738441467285
598,90.0,0.06844601986126451,26.647842407226562
599,90.0,0.06810378976195819,24.400110244750977
600,90.0,0.0677632708131484,17.394927978515625
601,90.0,0.06742445445908266,21.227460861206055
602,90.0,0.06708733218678724,22.55339241027832
603,90.0,0.0667518955258533,25.662607192993164
604,90.0,0.06641813604822402,27.115402221679688
605,90.0,0.0660860453679829,21.02005958557129
606,90.0,0.06575561514114299,22.420089721679688
607,90.0,0.06542683706543727,24.620601654052734
608,90.0,0.06509970288011008,22.848257064819336
609,90.0,0.06477420436570952,16.931819915771484
610,90.0,0.06445033334388098,22.116905212402344
611,90.0,0.06412808167716157,19.981842041015625
612,90.0,0.06380744126877576,16.835805892944336
613,90.0,0.06348840406243188,17.375638961791992
614,90.0,0.06317096204211972,14.699535369873047
615,90.0,0.06285510723190912,15.604856491088867
616,90.0,0.06254083169574957,19.42186737060547
617,-200.0,0.062228127537270826,17.89154815673828
618,90.0,0.06191698689958447,18.592662811279297
619,90.0,0.061607401965086545,18.796310424804688
620,90.0,0.06129936495526111,18.70184326171875
621,90.0,0.0609928681304848,22.441499710083008
622,90.0,0.060687903789832374,16.92100715637207
623,90.0,0.06038446427088321,15.372013092041016
624,90.0,0.06008254194952879,20.30477523803711
625,90.0,0.05978212923978115,16.013317108154297
626,90.0,0.05948321859358224,19.5297794342041
627,90.0,0.05918580250061433,16.655216217041016
628,90.0,0.058889873488111255,19.926593780517578
629,90.0,0.058595424120670696,16.83716583251953
630,-200.0,0.05830244700006734,12.45134162902832
631,90.0,0.058010934765067,18.531251907348633
632,90.0,0.05772088009124167,20.224952697753906
633,90.0,0.05743227569078546,15.767461776733398
634,90.0,0.05714511431233153,18.483190536499023
635,90.0,0.05685938874076987,12.691973686218262
636,90.0,0.056575091797066025,18.03846549987793
637,90.0,0.056292216338080694,15.08847427368164
638,90.0,0.05601075525639029,13.895347595214844
639,90.0,0.05573070148010834,19.110631942749023
640,90.0,0.0554520479727078,21.095367431640625
641,90.0,0.05517478773284426,12.46928596496582
642,90.0,0.05489891379418004,11.731158256530762
643,90.0,0.05462441922520914,14.336281776428223
644,90.0,0.0543512971290831,16.639612197875977
645,90.0,0.05407954064343768,11.900369644165039
646,90.0,0.05380914294022049,14.864156723022461
647,90.0,0.05354009722551939,13.601692199707031
648,90.0,0.05327239673939179,12.625890731811523
649,90.0,0.053006034755694834,9.901079177856445
650,90.0,0.052741004581916356,14.066165924072266
651,90.0,0.052477299559006776,17.88546371459961
652,90.0,0.052214913061211746,17.4070987701416
653,90.0,0.05195383849590569,12.18527603149414
654,90.0,0.05169406930342616,12.567310333251953
655,90.0,0.05143559895690903,14.671562194824219
656,90.0,0.051178420962124486,12.885375022888184
657,90.0,0.05092252885731386,11.673077583312988
658,90.0,0.05066791621302729,15.573614120483398
659,90.0,0.05041457663196215,7.647013187408447
660,90.0,0.050162503748802344,16.847225189208984
661,90.0,0.049911691230058335,18.625783920288086
662,90.0,0.04966213277390804,18.171009063720703
663,90.0,0.0494138221100385,11.035704612731934
664,90.0,0.04916675299948831,15.198568344116211
665,90.0,0.04892091923449087,13.922073364257812
666,90.0,0.04867631463831842,11.617476463317871
667,90.0,0.048432933065126825,17.425012588500977
668,90.0,0.048190768399801194,10.176481246948242
669,90.0,0.04794981455780219,12.387121200561523
670,90.0,0.04771006548501318,11.03664779663086
671,90.0,0.047471515157588115,13.309357643127441
672,90.0,0.047234157581800176,14.13469409942627
673,90.0,0.046997986793891174,10.909872055053711
674,90.0,0.04676299685992172,13.94775390625
675,90.0,0.04652918187562211,11.330402374267578
676,90.0,0.046296535966244,14.425726890563965
677,90.0,0.046065053286412784,12.224443435668945
678,90.0,0.04583472801998072,14.702942848205566
679,90.0,0.045605554379880814,12.463708877563477
680,90.0,0.04537752660798141,11.133115768432617
681,90.0,0.0451506389749415,14.057588577270508
682,90.0,0.044924885780066794,12.995850563049316
683,90.0,0.04470026135116646,14.678674697875977
684,90.0,0.04447676004441063,14.16419506072998
685,90.0,0.04425437624418858,11.681938171386719
686,90.0,0.04403310436296763,11.875776290893555
687,90.0,0.043812938841152796,13.497032165527344
688,90.0,0.04359387414694703,12.045305252075195
689,90.0,0.043375904776212296,12.31633186340332
690,90.0,0.043159025252331236,12.181096076965332
691,90.0,0.04294323012606958,11.045473098754883
692,90.0,0.04272851397543923,10.100552558898926
693,90.0,0.04251487140556204,13.696575164794922
694,90.0,0.04230229704853423,11.852508544921875
695,90.0,0.04209078556329156,9.171533584594727
696,90.0,0.0418803316354751,16.039470672607422
697,90.0,0.041670929977297724,10.424638748168945
698,90.0,0.04146257532741124,10.569513320922852
699,90.0,0.04125526245077418,11.065757751464844
700,90.0,0.04104898613852031,10.376666069030762
701,90.0,0.04084374120782771,9.824380874633789
702,90.0,0.04063952250178857,12.527942657470703
703,90.0,0.04043632488927963,17.465181350708008
704,90.0,0.04023414326483323,14.09384536743164
705,90.0,0.040032972548509065,7.702513694763184
706,90.0,0.03983280768576652,12.2571382522583
707,90.0,0.03963364364733769,11.930925369262695
708,-200.0,0.039435475429100995,10.485668182373047
709,90.0,0.03923829805195549,7.037240028381348
710,90.0,0.03904210656169572,9.312125205993652
711,90.0,0.03884689602888724,11.879865646362305
712,90.0,0.0386526615487428,9.597352027893066
713,90.0,0.03845939824099909,9.28409481048584
714,90.0,0.03826710124979409,11.208169937133789
715,90.0,0.038075765743545126,10.036767959594727
716,-200.0,0.0378853869148274,15.74010181427002
717,90.0,0.03769595998025326,10.333043098449707
718,90.0,0.03750748018035199,12.490808486938477
719,90.0,0.037319942779450235,8.140890121459961
720,90.0,0.037133343065552986,9.265592575073242
721,90.0,0.03694767635022522,7.301979064941406
722,90.0,0.036762937968474095,8.390530586242676
723,90.0,0.03657912327863173,10.406746864318848
724,90.0,0.036396227662238566,7.33195161819458
725,90.0,0.03621424652392737,5.8504486083984375
726,90.0,0.036033175291307735,8.782698631286621
727,90.0,0.03585300941485119,8.6836576461792
728,90.0,0.035673744367776934,9.556660652160645
729,90.0,0.03549537564593805,9.510040283203125
730,90.0,0.035317898767708356,8.113322257995605
731,90.0,0.03514130927386981,7.607207298278809
732,90.0,0.03496560272750046,8.225950241088867
733,90.0,0.03479077471386296,11.220992088317871
734,90.0,0.03461682084029365,8.036015510559082
735,90.0,0.034443736736092176,12.090670585632324
736,90.0,0.034271518052411715,6.029278755187988
737,90.0,0.034100160462149656,6.5789923667907715
738,90.0,0.03392965965983891,10.175227165222168
739,90.0,0.033760011361539714,7.401858806610107
740,90.0,0.03359121130473201,6.544371604919434
741,90.0,0.033423255248208356,6.860468864440918
742,90.0,0.03325613897196732,5.992758750915527
743,90.0,0.03308985827710748,7.4893107414245605
744,90.0,0.032924408985721944,4.492315292358398
745,90.0,0.03275978694079333,7.699579238891602
746,90.0,0.032595988006089364,8.811797142028809
747,90.0,0.032433008066058915,8.782315254211426
748,90.0,0.03227084302572862,6.7896528244018555
749,90.0,0.032109488810599975,5.834903717041016
750,90.0,0.031948941366546975,8.324081420898438
751,90.0,0.03178919665971424,7.295804977416992
752,90.0,0.03163025067641567,7.585384368896484
753,90.0,0.03147209942303359,5.837380409240723
754,90.0,0.03131473892591842,9.747598648071289
755,90.0,0.031158165231288826,7.0272603034973145
756,90.0,0.03100237440513238,6.92012882232666
757,90.0,0.030847362533106718,5.270319938659668
758,90.0,0.030693125720441184,7.612328052520752
759,90.0,0.030539660091838977,5.776435852050781
760,90.0,0.03038696179137978,10.841716766357422
761,90.0,0.030235026982422884,8.327823638916016
762,90.0,0.030083851847510768,7.142627716064453
763,90.0,0.029933432588273214,9.171041488647461
764,90.0,0.029783765425331846,8.182538032531738
765,90.0,0.029634846598205186,6.143749713897705
766,90.0,0.02948667236521416,4.831871509552002
767,-200.0,0.029339239003388088,6.161962032318115
768,90.0,0.029192542808371146,9.581787109375
769,90.0,0.02904658009432929,9.420571327209473
770,90.0,0.028901347193857643,4.924432277679443
771,90.0,0.028756840457888354,6.555103302001953
772,90.0,0.02861305625559891,5.288441181182861
773,90.0,0.028469990974320916,5.295945644378662
774,90.0,0.02832764101944931,6.257293224334717
775,90.0,0.028186002814352063,9.158109664916992
776,90.0,0.0280450728002803,8.46042537689209
777,90.0,0.0279048474362789,4.414924621582031
778,90.0,0.027765323199097504,8.081241607666016
779,90.0,0.027626496583102015,5.8112406730651855
780,90.0,0.027488364100186506,5.289580345153809
781,90.0,0.027350922279685573,6.539199352264404
782,90.0,0.027214167668287145,6.322828769683838
783,90.0,0.02707809682994571,7.023283958435059
784,90.0,0.02694270634579598,4.862133026123047
785,90.0,0.026807992814067,7.862786293029785
786,90.0,0.026673952849996664,3.673339605331421
787,90.0,0.02654058308574668,4.175200462341309
788,90.0,0.026407880170317945,6.556914806365967
789,90.0,0.026275840769466357,9.356538772583008
790,90.0,0.026144461565619025,8.050017356872559
791,90.0,0.02601373925779093,3.8727903366088867
792,90.0,0.025883670561501974,7.503681182861328
793,90.0,0.025754252208694463,5.8011651039123535
794,90.0,0.02562548094765099,7.21869421005249
795,90.0,0.025497353542912736,5.564825057983398
796,90.0,0.02536986677519817,9.523314476013184
797,90.0,0.02524301744132218,4.848428726196289
798,90.0,0.025116802354115567,5.320681571960449
799,90.0,0.024991218342344988,3.56200909614563
800,90.0,0.024866262250633264,5.182656764984131
801,90.0,0.024741930939380097,7.335271835327148
802,90.0,0.024618221284683196,4.930877208709717
803,90.0,0.02449513017825978,4.553122520446777
804,90.0,0.02437265452736848,6.908173084259033
805,90.0,0.024250791254731636,5.04515266418457
806,90.0,0.024129537298457977,5.460840702056885
807,90.0,0.024008889611965685,6.493194103240967
808,90.0,0.023888845163905856,6.7198028564453125
809,90.0,0.023769400938086327,3.8744704723358154
810,90.0,0.023650553933395897,3.879122257232666
811,90.0,0.023532301163728918,6.362378120422363
812,90.0,0.023414639657910272,6.4121575355529785
813,90.0,0.023297566459620722,5.410839557647705
814,90.0,0.023181078627322618,6.149006366729736
815,90.0,0.023065173234186005,4.391329288482666
816,90.0,0.022949847368015076,3.69215726852417
817,90.0,0.022835098131175,4.929111480712891
818,90.0,0.022720922640519125,10.23293685913086
819,90.0,0.02260731802731653,4.848174095153809
820,90.0,0.022494281437179946,4.402581214904785
821,90.0,0.022381810029994047,4.719610214233398
822,90.0,0.022269900979844076,5.5906853675842285
823,90.0,0.022158551474944856,7.763795852661133
824,90.0,0.022047758717570132,4.4134345054626465
825,90.0,0.021937519923982282,3.8628077507019043
826,90.0,0.021827832324362372,7.8737640380859375
827,90.0,0.02171869316274056,6.0325212478637695
828,90.0,0.021610099696926857,5.342371463775635
829,90.0,0.021502049198442223,3.5764341354370117
830,90.0,0.021394538952450012,4.676178932189941
831,90.0,0.02128756625768776,4.983455181121826
832,90.0,0.021181128426399323,3.535590648651123
833,90.0,0.021075222784267326,3.976861000061035
834,90.0,0.020969846670345987,6.306556701660156
835,90.0,0.020864997436994256,3.581143379211426
836,90.0,0.020760672449809284,3.257129192352295
837,90.0,0.020656869087560238,5.0010833740234375
838,90.0,0.020553584742122436,6.679874420166016
839,90.0,0.020450816818411825,3.094935894012451
840,90.0,0.020348562734319765,3.7536373138427734
841,90.0,0.020246819920648168,3.877864360809326
842,90.0,0.020145585821044927,2.9164931774139404
843,90.0,0.020044857891939702,4.828319072723389
844,90.0,0.019944633602480003,4.363900184631348
845,90.0,0.019844910434467605,5.245217800140381
846,90.0,0.019745685882295267,4.169162273406982
847,90.0,0.01964695745288379,4.661488056182861
848,90.0,0.01954872266561937,6.035617828369141
849,90.0,0.019450979052291272,4.277366638183594
850,90.0,0.019353724157029815,6.249273777008057
851,90.0,0.019256955536244666,5.085641860961914
852,90.0,0.019160670758563442,3.8584370613098145
853,90.0,0.019064867404770626,4.203230381011963
854,90.0,0.018969543067746772,3.0911173820495605
855,90.0,0.018874695352408037,4.13203239440918
856,90.0,0.018780321875645996,3.8682961463928223
857,90.0,0.018686420266267767,3.4807369709014893
858,90.0,0.018592988164936427,3.3556482791900635
859,90.0,0.018500023224111744,3.971370220184326
860,90.0,0.018407523107991184,4.728851318359375
861,90.0,0.01831548549245123,5.517321586608887
862,90.0,0.018223908064988973,2.3096728324890137
863,90.0,0.018132788524664028,2.912816286087036
864,90.0,0.018042124582040707,2.753767967224121
865,90.0,0.017951913959130504,3.211102247238159
866,90.0,0.01786215438933485,2.564047336578369
867,90.0,0.017772843617388175,4.539395332336426
868,90.0,0.017683979399301233,4.349424362182617
869,90.0,0.017595559502304726,4.589980125427246
870,90.0,0.0175075817047932,2.65846848487854
871,90.0,0.017420043796269234,2.8662405014038086
872,90.0,0.017332943577287888,3.9886832237243652
873,90.0,0.01724627885940145,5.890070915222168
874,90.0,0.017160047465104442,2.557337999343872
875,90.0,0.01707424722777892,3.293631076812744
876,90.0,0.016988875991640028,3.2141127586364746
877,90.0,0.016903931611681827,4.168370723724365
878,90.0,0.01681941195362342,5.404930591583252
879,90.0,0.016735314893855303,2.483919382095337
880,90.0,0.016651638319386028,5.938947677612305
881,90.0,0.0165683801277891,4.096426010131836
882,90.0,0.016485538227150154,3.6000072956085205
883,90.0,0.0164031105360144,2.1349704265594482
884,90.0,0.01632109498333433,4.3584136962890625
885,90.0,0.016239489508417658,3.4599430561065674
886,90.0,0.01615829206087557,2.682901382446289
887,90.0,0.01607750060057119,3.9984426498413086
888,90.0,0.015997113097568336,3.11472487449646
889,90.0,0.015917127532080494,3.782865524291992
890,90.0,0.01583754189442009,4.732637405395508
891,90.0,0.01575835418494799,3.0047342777252197
892,90.0,0.01567956241402325,5.0384063720703125
893,90.0,0.015601164601953134,2.5653128623962402
894,90.0,0.015523158778943369,3.160250425338745
895,90.0,0.015445542985048652,3.875248670578003
896,90.0,0.015368315270123408,4.586974620819092
897,90.0,0.01529147369377279,3.9436137676239014
898,90.0,0.015215016325303928,3.843294382095337
899,90.0,0.015138941243677408,2.3903253078460693
900,90.0,0.01506324653745902,2.7268710136413574
901,90.0,0.014987930304771725,3.5085747241973877
902,90.0,0.014912990653247866,2.3237574100494385
903,90.0,0.014838425699981627,1.8952665328979492
904,90.0,0.01476423357148172,3.8889882564544678
905,90.0,0.014690412403624311,3.266143321990967
906,90.0,0.01461696034160619,3.164297103881836
907,90.0,0.014543875539898159,4.058739185333252
908,90.0,0.014471156162198668,2.7668681144714355
909,90.0,0.014398800381387675,2.577984571456909
910,90.0,0.014326806379480736,1.915088176727295
911,90.0,0.014255172347583332,3.0456995964050293
912,90.0,0.014183896485845416,2.8149020671844482
913,90.0,0.014112977003416188,2.3230552673339844
914,90.0,0.014042412118399107,1.8788468837738037
915,90.0,0.013972200057807112,2.671700954437256
916,90.0,0.013902339057518077,2.335188388824463
917,90.0,0.013832827362230486,2.6126654148101807
918,90.0,0.013763663225419333,3.6319146156311035
919,90.0,0.013694844909292236,3.958730697631836
920,90.0,0.013626370684745774,3.474884271621704
921,90.0,0.013558238831322046,3.629293918609619
922,90.0,0.013490447637165436,2.3741023540496826
923,90.0,0.013422995398979608,3.0044631958007812
924,90.0,0.01335588042198471,4.68604850769043
925,90.0,0.013289101019874787,2.0332841873168945
926,90.0,0.013222655514775413,3.8369522094726562
927,90.0,0.013156542237201536,2.4603121280670166
928,90.0,0.013090759526015528,3.194492816925049
929,90.0,0.01302530572838545,1.9345407485961914
930,90.0,0.012960179199743523,2.8124430179595947
931,90.0,0.012895378303744804,3.920508623123169
932,90.0,0.01283090141222608,3.568148374557495
933,90.0,0.012766746905164949,1.9258027076721191
934,90.0,0.012702913170639124,2.117431163787842
935,90.0,0.012639398604785928,2.9332058429718018
936,90.0,0.012576201611761997,1.9032835960388184
937,90.0,0.012513320603703188,1.860093116760254
938,90.0,0.012450754000684672,1.2427901029586792
939,90.0,0.012388500230681249,2.1141746044158936
940,90.0,0.012326557729527843,2.2603657245635986
941,90.0,0.012264924940880204,2.736314296722412
942,90.0,0.012203600316175803,3.4231836795806885
943,90.0,0.012142582314594924,5.205821990966797
944,90.0,0.01208186940302195,3.5551676750183105
945,90.0,0.01202146005600684,2.211575746536255
946,90.0,0.011961352755726806,3.162120819091797
947,90.0,0.01190154599194817,3.256833076477051
948,90.0,0.01184203826198843,2.5999298095703125
949,90.0,0.011782828070678488,3.180607557296753
950,90.0,0.011723913930325095,2.6319549083709717
951,90.0,0.01166529436067347,4.205907821655273
952,90.0,0.011606967888870102,1.6774253845214844
953,90.0,0.01154893304942575,3.2399580478668213
954,90.0,0.011491188384178622,2.9634158611297607
955,90.0,0.011433732442257729,2.4536476135253906
956,90.0,0.01137656378004644,3.2178525924682617
957,90.0,0.011319680961146208,3.6552207469940186
958,90.0,0.011263082556340478,1.8402365446090698
959,90.0,0.011206767143558775,2.3291454315185547
960,90.0,0.011150733307840981,1.81105375289917
961,90.0,0.011094979641301777,3.2113637924194336
962,90.0,0.011039504743095268,3.282649517059326
963,90.0,0.01098430721937979,2.1441490650177
964,90.0,0.010929385683282892,2.5347695350646973
965,90.0,0.010874738754866477,1.6638787984848022
966,90.0,0.010820365061092144,2.443305730819702
967,90.0,0.010766263235786683,1.3079060316085815
968,90.0,0.01071243191960775,1.963448166847229
969,90.0,0.010658869760009713,4.446748733520508
970,90.0,0.010605575411209664,2.484074115753174
971,90.0,0.010552547534153616,1.9040164947509766
972,90.0,0.010499784796482848,2.8209221363067627
973,90.0,0.010447285872500434,1.4751957654953003
974,90.0,0.01039504944313793,3.0752410888671875
975,90.0,0.010343074195922241,1.3073296546936035
976,90.0,0.01029135882494263,2.328033924102783
977,90.0,0.010239902030817916,1.5276050567626953
978,90.0,0.010188702520663827,2.4052724838256836
979,90.0,0.010137759008060509,2.101614236831665
980,90.0,0.010087070213020206,1.7455589771270752
981,90.0,0.010036634861955105,3.009535551071167
982,90.0,0.01,3.0575530529022217
983,90.0,0.01,2.1424806118011475
984,90.0,0.01,1.938224196434021
985,90.0,0.01,2.842440605163574
986,90.0,0.01,1.902392029762268
987,90.0,0.01,1.355588674545288
988,90.0,0.01,2.139059066772461
989,90.0,0.01,1.5701872110366821
990,90.0,0.01,2.449564218521118
991,90.0,0.01,2.1446382999420166
992,90.0,0.01,1.98001229763031
993,90.0,0.01,1.9451384544372559
994,90.0,0.01,2.044020175933838
995,90.0,0.01,1.534399390220642
996,90.0,0.01,1.8991833925247192
997,90.0,0.01,1.4076098203659058
998,90.0,0.01,2.017834186553955
999,90.0,0.01,1.559490442276001
1000,90.0,0.01,2.521972894668579
